HouseID,OverallQual,GrLivArea,TotalBsmtSF,GarageCars,BedroomAbvGr,FullBath,YearBuilt,LotArea,Neighborhood,PropertyType,SalePrice
10001,9,1929,938.0,2.0,2,4,1951,10453.0,Central,Detached,635603
10002,6,1062,938.0,1.0,4,2,1996,6243.0,Greenfield,Townhouse,439648
10003,7,2258,1366.0,2.0,4,3,1963,6317.0,East,Detached,653286
10004,9,1648,1186.0,1.0,5,2,1980,9599.0,Lakeside,Detached,624148
10005,5,1463,1278.0,,3,1,1999,15875.0,South,Detached,507792
10006,10,2327,1437.0,2.0,5,2,2010,7310.0,Lakeside,Detached,826381
10007,7,1363,917.0,2.0,3,2,1990,13599.0,Central,Detached,596731
10008,7,975,805.0,1.0,3,4,1963,4183.0,South,Detached,469238
10009,9,894,616.0,2.0,2,3,1954,8485.0,South,Detached,539989
10010,4,2083,720.0,2.0,2,2,2024,6271.0,North,Detached,556876
10011,5,1046,2230.0,4.0,4,2,1954,9082.0,East,Detached,511773
10012,9,2715,1548.0,3.0,3,2,2013,7001.0,South,Detached,787496
10013,5,605,510.0,3.0,3,3,1978,4375.0,Central,Townhouse,394402
10014,5,2683,521.0,1.0,3,3,2024,5366.0,Greenfield,Detached,637590
10015,10,1866,1243.0,0.0,4,3,1954,3819.0,North,Semi-Detached,662593
10016,7,1697,1269.0,2.0,1,2,1985,4443.0,West,Semi-Detached,582312
10017,6,1450,1270.0,1.0,4,2,1968,9930.0,West,Detached,551682
10018,10,1970,948.0,2.0,2,2,2013,7145.0,Greenfield,Detached,694104
10019,10,1729,1000.0,3.0,3,2,1971,8876.0,West,Detached,689321
10020,5,2357,1181.0,3.0,3,2,1983,18110.0,West,Semi-Detached,621482
10021,8,1813,1084.0,3.0,3,1,2005,7002.0,East,Detached,644804
10022,7,1833,162.0,2.0,3,1,1966,10643.0,South,Detached,512148
10023,4,1550,958.0,2.0,3,3,2005,8102.0,North,Detached,489222
10025,6,1919,1120.0,0.0,4,2,2023,2500.0,North,Detached,590843
10026,8,809,2244.0,2.0,1,2,1967,5792.0,West,Semi-Detached,538508
10027,8,1008,1197.0,0.0,3,2,1994,10738.0,South,Detached,480246
10028,4,2159,925.0,2.0,5,3,2005,5701.0,West,Townhouse,547022
10029,10,1844,1419.0,2.0,3,3,1999,10321.0,North,Detached,721826
10032,3,1941,1293.0,2.0,4,2,1956,4807.0,South,Semi-Detached,425231
10034,4,1322,598.0,2.0,2,2,2018,9867.0,West,Detached,484008
10035,8,1858,1239.0,2.0,2,2,1952,8489.0,North,Semi-Detached,612029
10036,7,1212,679.0,2.0,4,3,1993,8556.0,East,Townhouse,499824
10037,6,1975,1272.0,2.0,3,2,2019,13743.0,South,Detached,576190
10038,3,814,683.0,4.0,3,1,1963,3756.0,Greenfield,Detached,319672
10039,3,2316,883.0,1.0,3,2,1953,8463.0,Lakeside,Semi-Detached,513100
10040,5,2010,932.0,2.0,3,4,1967,4643.0,West,Detached,581235
10041,5,1891,1440.0,2.0,5,2,2001,11250.0,West,Semi-Detached,568577
10042,9,2290,1417.0,3.0,4,2,1987,5487.0,Greenfield,Detached,765485
10043,4,2666,552.0,1.0,4,2,1969,2630.0,Greenfield,Townhouse,519110
10044,10,2308,1072.0,,2,1,1993,11371.0,Greenfield,Semi-Detached,736137
10046,6,1046,547.0,1.0,3,2,1968,9393.0,North,Detached,390474
10047,10,1406,963.0,2.0,2,2,2017,15205.0,Central,Detached,680813
10048,9,1764,927.0,2.0,6,3,2015,9455.0,West,Detached,668616
10049,8,2035,2021.0,2.0,2,2,1962,8634.0,North,Semi-Detached,645887
10051,9,1853,499.0,2.0,3,3,2010,4774.0,Greenfield,Detached,630857
10053,5,1414,1459.0,2.0,2,2,1979,19447.0,East,Semi-Detached,532043
10054,6,976,1885.0,0.0,3,3,2000,6757.0,Greenfield,Detached,515606
10055,9,1242,416.0,1.0,3,2,1997,7458.0,West,Detached,524019
10056,6,1007,298.0,2.0,5,2,1982,14085.0,Lakeside,Semi-Detached,459395
10057,10,1213,1798.0,2.0,2,1,2023,3998.0,East,Detached,710503
10058,3,2330,1206.0,1.0,5,2,1968,10575.0,North,Semi-Detached,538951
10059,5,1228,703.0,2.0,4,1,2020,3914.0,East,Detached,463802
10061,5,2021,0.0,1.0,4,2,1968,7920.0,West,Detached,482841
10062,9,1852,1051.0,2.0,2,2,1990,10538.0,North,Detached,654847
10063,7,1278,1181.0,1.0,5,3,1991,5072.0,Greenfield,Detached,542950
10064,3,2135,1420.0,3.0,3,2,2001,6288.0,South,Detached,569452
10065,9,1433,644.0,3.0,3,2,1953,10786.0,South,Detached,570978
10067,6,3158,680.0,1.0,2,2,1954,11239.0,West,Townhouse,642323
10069,6,2382,692.0,3.0,2,2,2010,6546.0,Central,Detached,667832
10073,3,1405,1393.0,3.0,3,3,1962,11112.0,North,Semi-Detached,501572
10075,7,2139,1065.0,2.0,3,2,2009,6182.0,Greenfield,Semi-Detached,613545
10076,4,1441,471.0,2.0,4,3,2021,12050.0,North,Semi-Detached,441297
10078,6,2285,1030.0,0.0,3,4,1993,6273.0,Greenfield,Townhouse,595398
10080,6,886,605.0,1.0,4,2,2020,5011.0,East,Detached,459967
10081,9,1350,1636.0,2.0,3,2,1999,5485.0,Greenfield,Semi-Detached,621483
10082,6,1614,1449.0,2.0,4,4,1993,6274.0,South,Townhouse,520525
10083,7,1709,1162.0,2.0,3,2,1963,5780.0,North,Detached,598228
10084,10,2091,1753.0,1.0,4,3,1964,12451.0,Lakeside,Detached,763038
10085,9,1848,1199.0,2.0,5,2,1965,5644.0,Lakeside,Detached,716896
10086,5,1016,1206.0,3.0,3,2,1951,5837.0,East,Townhouse,438193
10087,8,1959,1029.0,1.0,3,3,1979,8580.0,West,Semi-Detached,639530
10088,3,2086,1539.0,1.0,3,2,1979,,Lakeside,Detached,537433
10089,6,2058,1489.0,1.0,2,2,1980,16171.0,Central,Townhouse,603192
10090,4,2344,800.0,3.0,3,2,1969,11478.0,South,Semi-Detached,551304
10091,10,2209,522.0,2.0,4,2,1998,4729.0,North,Townhouse,703480
10092,6,2003,969.0,2.0,3,2,1984,12624.0,East,Detached,580056
10093,4,1711,730.0,1.0,5,2,1972,13863.0,Lakeside,Detached,513426
10094,8,836,1025.0,2.0,3,2,2010,4785.0,Greenfield,Semi-Detached,537276
10095,8,1986,1545.0,3.0,4,4,2004,4736.0,Greenfield,Detached,745425
10096,8,1864,867.0,3.0,3,2,2016,6078.0,Lakeside,Semi-Detached,656098
10097,4,1899,1033.0,2.0,3,3,1957,4232.0,West,Semi-Detached,481242
10098,6,1048,1073.0,0.0,3,2,1989,5631.0,East,Detached,445025
10099,8,1155,1389.0,1.0,3,2,2008,6682.0,Central,Townhouse,572991
10101,9,1728,807.0,1.0,4,2,1956,8298.0,West,Detached,620598
10102,4,2125,1135.0,1.0,5,2,1951,7484.0,North,Detached,557239
10103,4,1766,1530.0,1.0,3,2,1955,6437.0,Greenfield,Detached,463665
10104,6,1766,853.0,2.0,2,2,1985,4441.0,East,Detached,535708
10105,4,2266,299.0,3.0,3,1,1981,10441.0,East,Semi-Detached,515955
10106,4,1466,1298.0,2.0,3,2,1994,10336.0,Central,Semi-Detached,530184
10107,8,1803,796.0,3.0,2,1,1991,6061.0,Central,Detached,629700
10108,6,1496,574.0,2.0,4,1,2002,4874.0,South,Semi-Detached,516966
10109,8,1511,800.0,1.0,6,3,1958,16114.0,Lakeside,Detached,614048
10111,10,1872,808.0,1.0,3,2,2024,9565.0,South,Semi-Detached,651173
10113,10,2441,1409.0,2.0,4,3,1951,4657.0,Central,Semi-Detached,767066
10114,8,1258,1560.0,4.0,3,2,2016,15707.0,Greenfield,Detached,641477
10115,9,1647,1311.0,1.0,3,3,1960,6672.0,Lakeside,Semi-Detached,666434
10117,3,2546,969.0,3.0,3,4,1984,15421.0,North,Townhouse,610012
10118,8,1858,1047.0,0.0,3,3,1964,8298.0,North,Detached,584969
10119,10,2318,1290.0,2.0,3,3,2024,4701.0,West,Detached,759207
10120,7,933,1317.0,2.0,4,1,1980,2605.0,South,Semi-Detached,490231
10121,10,1897,756.0,3.0,3,2,2011,7863.0,Lakeside,Townhouse,705552
10122,7,2239,1083.0,4.0,5,2,1977,8953.0,Central,Detached,701204
10123,4,1795,1233.0,4.0,4,2,1974,6160.0,Greenfield,Detached,526485
10126,10,2525,1366.0,2.0,4,1,1950,12512.0,West,Detached,733841
10127,4,3014,1084.0,2.0,2,2,2008,7218.0,South,Detached,653154
10128,3,1550,1614.0,1.0,2,2,2018,7838.0,West,Detached,487082
10129,6,1505,1214.0,2.0,3,2,2023,7382.0,East,Detached,550441
10130,6,2549,706.0,4.0,3,3,1991,8122.0,East,Detached,618266
10131,6,2619,1611.0,3.0,4,2,1983,6350.0,East,Detached,728765
10132,7,1462,1329.0,2.0,2,1,2015,6337.0,North,Detached,607464
10133,3,1519,873.0,0.0,3,2,1967,,West,Townhouse,358586
10134,7,1595,858.0,2.0,3,2,1954,8583.0,East,Semi-Detached,485494
10135,9,1011,1169.0,3.0,6,1,1969,5464.0,North,Semi-Detached,567483
10137,3,1198,1129.0,2.0,4,2,2024,18053.0,South,Townhouse,410793
10138,3,1328,1175.0,0.0,3,2,2011,11975.0,East,Detached,429330
10139,9,1731,,2.0,2,2,1981,5201.0,North,Detached,666623
10140,3,1879,1479.0,2.0,6,1,2007,11805.0,West,Detached,525077
10141,10,2603,1126.0,3.0,3,4,1999,10610.0,Central,Semi-Detached,797897
10143,6,2291,637.0,2.0,4,3,2004,5817.0,Lakeside,Detached,645532
10144,10,1632,1209.0,2.0,1,1,1977,5528.0,East,Detached,621960
10145,10,1723,1774.0,0.0,4,3,2023,8848.0,West,Semi-Detached,727759
10146,9,2121,963.0,4.0,3,3,1971,5466.0,Lakeside,Detached,745532
10147,5,1133,711.0,2.0,3,3,1992,13108.0,East,Detached,485121
10148,5,1960,789.0,2.0,2,1,1985,14892.0,Central,Detached,547398
10149,3,1842,614.0,2.0,2,3,2001,7847.0,East,Detached,442495
10150,10,2021,,2.0,5,4,1985,13355.0,East,Semi-Detached,714946
10151,5,1909,902.0,2.0,4,2,1977,6648.0,Central,Detached,537232
10152,5,3100,488.0,2.0,3,2,2007,5801.0,North,Detached,627796
10153,3,1399,1056.0,1.0,2,3,1985,13126.0,East,Semi-Detached,417129
10154,5,1458,1411.0,2.0,4,2,2019,16287.0,South,Semi-Detached,527878
10155,7,1407,687.0,1.0,4,2,1958,19353.0,East,Detached,544494
10156,4,1444,1658.0,2.0,3,2,1970,9292.0,South,Townhouse,435698
10157,9,1399,1254.0,0.0,3,3,2013,11792.0,West,Detached,639836
10158,4,2404,1462.0,2.0,3,1,2010,9200.0,Lakeside,Detached,602035
10159,3,2531,787.0,3.0,4,2,1989,15044.0,Lakeside,Townhouse,607189
10160,6,1436,1392.0,3.0,6,2,2005,9722.0,East,Townhouse,552223
10161,9,1292,613.0,2.0,3,3,1953,11493.0,Greenfield,Detached,556007
10162,3,2009,1406.0,2.0,4,2,1980,4799.0,West,Detached,528120
10164,6,2098,1271.0,2.0,3,3,2007,11537.0,Lakeside,Detached,633395
10165,4,1862,580.0,3.0,3,1,1974,11081.0,Central,Detached,509046
10166,3,916,692.0,1.0,4,2,2018,,Central,Detached,392263
10167,10,2601,1289.0,2.0,3,1,2019,8446.0,South,Townhouse,796332
10168,9,2738,671.0,3.0,3,2,1954,5966.0,East,Townhouse,672207
10170,8,1537,503.0,1.0,3,3,1958,8171.0,West,Detached,585557
10172,7,1934,557.0,1.0,4,1,1956,5175.0,West,Detached,532938
10173,5,2112,1271.0,1.0,3,1,2021,7098.0,Lakeside,Detached,614709
10175,10,1653,771.0,3.0,3,2,1986,2917.0,West,Detached,620252
10176,8,1311,1283.0,3.0,3,2,1988,11636.0,North,Townhouse,586392
10177,5,991,1154.0,0.0,3,3,1955,8613.0,Central,Semi-Detached,426187
10178,5,1348,834.0,3.0,3,3,2006,9015.0,Central,Detached,545596
10179,3,1732,647.0,2.0,2,2,1968,6344.0,North,Detached,432005
10180,5,2737,265.0,2.0,3,3,2012,10415.0,Central,Semi-Detached,612969
10181,7,1465,1190.0,,4,2,1980,5502.0,East,Townhouse,536330
10182,9,1873,424.0,1.0,4,3,2024,5905.0,North,Semi-Detached,624558
10183,8,1741,1088.0,2.0,3,2,1959,10614.0,East,Detached,626314
10184,5,2404,945.0,,3,1,2016,9395.0,South,Semi-Detached,600420
10187,4,1481,918.0,1.0,1,3,1967,5687.0,Central,Semi-Detached,424741
10188,9,2324,1343.0,0.0,5,2,1974,7537.0,Central,Semi-Detached,691118
10190,8,2766,1176.0,3.0,3,1,2007,3166.0,North,Semi-Detached,760551
10191,9,2071,1238.0,0.0,3,2,1999,3712.0,Greenfield,Detached,675414
10192,5,1552,436.0,0.0,2,2,1959,9760.0,Central,Detached,443460
10193,3,2075,1353.0,2.0,4,2,1970,2622.0,North,Detached,535984
10194,9,2360,1295.0,3.0,2,2,1978,3190.0,Lakeside,Townhouse,697125
10195,9,2201,643.0,2.0,2,2,1959,13575.0,South,Semi-Detached,612754
10196,4,2029,952.0,2.0,4,2,1962,6656.0,West,Detached,536888
10198,6,2393,996.0,,4,3,1972,5022.0,East,Detached,630329
10199,7,2510,1184.0,0.0,3,2,1999,6932.0,Greenfield,Detached,645655
10200,5,2107,1623.0,2.0,3,2,1953,10203.0,East,Detached,564171
10201,9,1658,1483.0,2.0,4,2,2016,9891.0,North,Detached,674170
10202,10,1831,525.0,2.0,2,2,2002,7133.0,Greenfield,Detached,653007
10203,9,2414,1299.0,2.0,3,1,1951,5975.0,Greenfield,Detached,713805
10205,6,1953,1205.0,1.0,3,2,2014,14865.0,East,Detached,599657
10206,7,1534,1486.0,2.0,4,2,2006,11276.0,North,Semi-Detached,610532
10207,10,1766,1855.0,1.0,5,3,2019,6018.0,Lakeside,Detached,792876
10208,6,2453,1459.0,1.0,6,2,1956,5120.0,North,Semi-Detached,639628
10209,8,1855,1150.0,2.0,4,2,1968,5857.0,North,Semi-Detached,593019
10210,7,1776,1468.0,3.0,3,1,1993,4510.0,West,Semi-Detached,664160
10212,9,2160,1060.0,2.0,3,1,2014,11538.0,North,Semi-Detached,708391
10214,9,2940,1675.0,1.0,3,2,1975,17346.0,North,Townhouse,767342
10215,5,1581,,3.0,5,2,1993,17785.0,North,Detached,530276
10216,7,1871,1663.0,2.0,3,2,1961,9188.0,North,Detached,626105
10217,6,1887,1250.0,2.0,3,3,1971,10972.0,South,Detached,577310
10218,7,2618,490.0,3.0,3,1,1963,5335.0,Central,Semi-Detached,645482
10219,10,1698,1197.0,2.0,4,2,1979,6801.0,Lakeside,Detached,742006
10220,9,1903,210.0,3.0,4,2,1993,14182.0,East,Townhouse,630756
10222,5,1853,1404.0,2.0,3,2,2008,15623.0,North,Semi-Detached,594338
10223,8,1504,813.0,3.0,4,2,1991,13198.0,North,Detached,618327
10224,6,1857,1099.0,2.0,2,2,2001,11220.0,South,Semi-Detached,564563
10225,4,2340,1832.0,2.0,5,2,2012,4720.0,West,Detached,602489
10226,4,1185,848.0,,3,2,2010,6952.0,Central,Detached,467878
10227,7,1823,626.0,3.0,3,2,1983,10690.0,West,Townhouse,540376
10228,8,1365,1643.0,0.0,3,2,1988,5134.0,East,Townhouse,532063
10229,3,2407,1835.0,2.0,4,2,1990,7344.0,North,Townhouse,617625
10230,7,912,1051.0,1.0,1,2,1986,11222.0,Lakeside,Detached,485258
10231,8,1443,1455.0,2.0,5,1,2014,6195.0,East,Detached,596215
10232,6,1957,1587.0,1.0,3,1,1981,5466.0,Central,Detached,615310
10233,6,2611,753.0,1.0,3,2,1957,3558.0,West,Detached,607141
10235,6,1445,,3.0,3,2,1994,11329.0,Greenfield,Detached,592216
10236,6,2785,1724.0,1.0,3,1,1982,5401.0,Greenfield,Semi-Detached,684429
10237,8,954,1275.0,1.0,3,3,1954,8065.0,West,Semi-Detached,479768
10239,5,1992,1845.0,2.0,3,2,1985,5927.0,South,Semi-Detached,570609
10242,9,2140,1187.0,2.0,4,2,1954,12571.0,North,Semi-Detached,688974
10243,6,1884,1672.0,1.0,2,2,1983,5849.0,East,Detached,560620
10244,3,1440,1392.0,1.0,3,2,1973,19609.0,North,Detached,473115
10246,8,2230,1235.0,2.0,3,2,2020,6512.0,West,Detached,721807
10247,3,2108,1067.0,2.0,4,3,1971,5644.0,East,Semi-Detached,482099
10249,3,2766,38.0,2.0,2,3,1964,8651.0,Greenfield,Townhouse,490906
10250,5,1161,931.0,2.0,4,3,1974,5455.0,Central,Detached,498382
10253,6,1725,1205.0,2.0,3,2,2015,5521.0,Central,Detached,625736
10254,7,1884,968.0,2.0,4,2,1981,12629.0,West,Detached,580422
10256,5,1944,1679.0,1.0,2,2,2017,11667.0,North,Semi-Detached,604984
10257,9,1062,864.0,3.0,3,3,1993,11595.0,East,Townhouse,562812
10258,8,2544,990.0,1.0,5,1,2015,5297.0,North,Detached,712731
10259,10,1705,1020.0,,3,2,1963,6097.0,Greenfield,Detached,620726
10261,3,1938,1128.0,2.0,4,1,1969,8398.0,East,Detached,492334
10263,7,2063,598.0,1.0,4,2,1985,8820.0,South,Detached,618933
10264,3,1996,1299.0,4.0,6,2,1958,10741.0,West,Semi-Detached,536524
10265,5,2103,1302.0,2.0,1,2,2020,10128.0,North,Semi-Detached,606693
10266,4,2481,728.0,3.0,2,2,1979,5246.0,Lakeside,Detached,629430
10267,6,1858,1408.0,2.0,4,2,2012,18699.0,East,Detached,617276
10268,10,2140,,2.0,4,1,1984,4072.0,West,Semi-Detached,682227
10269,9,1701,1151.0,1.0,3,3,1962,8409.0,Central,Semi-Detached,639586
10270,5,2542,1378.0,2.0,3,2,1995,17477.0,Greenfield,Detached,633186
10273,10,1728,843.0,1.0,3,2,1985,4980.0,East,Detached,622152
10274,10,963,971.0,2.0,3,3,1952,9352.0,West,Detached,550812
10275,3,1820,968.0,3.0,3,2,1968,7869.0,Central,Townhouse,487392
10277,3,2212,979.0,1.0,3,2,1972,11807.0,North,Detached,490150
10278,8,1391,431.0,2.0,4,3,1956,5533.0,East,Semi-Detached,542802
10279,3,1505,854.0,1.0,4,3,1963,5836.0,Central,Detached,464096
10280,4,711,936.0,1.0,3,2,1995,9719.0,East,Detached,393445
10281,6,1501,948.0,1.0,4,2,1964,7501.0,East,Detached,524286
10282,6,500,953.0,3.0,3,3,2016,8633.0,East,Semi-Detached,434232
10283,8,879,1025.0,3.0,2,2,1964,7297.0,West,Detached,504964
10284,9,2168,1242.0,,2,3,2000,15109.0,Greenfield,Townhouse,687605
10285,4,2182,1400.0,2.0,3,2,1957,5276.0,West,Townhouse,523416
10286,5,1984,790.0,2.0,3,2,2018,6490.0,South,Semi-Detached,549352
10287,3,1218,569.0,2.0,4,2,2011,9934.0,North,Semi-Detached,439168
10288,7,1724,633.0,2.0,4,2,2000,5129.0,North,Detached,574487
10289,3,1748,855.0,2.0,4,2,2012,5028.0,West,Detached,479342
10291,3,2577,742.0,0.0,3,2,1965,11819.0,South,Townhouse,451674
10292,5,2233,532.0,2.0,3,2,1973,12535.0,Central,Detached,564702
10293,3,1628,868.0,3.0,3,2,1955,8337.0,Central,Detached,450798
10294,4,1765,1123.0,2.0,2,2,2006,5912.0,South,Detached,493524
10295,4,1865,1288.0,3.0,4,3,1980,,East,Detached,524956
10296,6,627,827.0,4.0,6,3,1955,10321.0,Greenfield,Detached,496504
10297,8,1614,885.0,1.0,2,1,1978,9000.0,East,Detached,582931
10300,10,1595,711.0,4.0,3,3,1952,5846.0,Lakeside,Detached,648315
10302,3,2102,336.0,2.0,4,3,2023,4123.0,Central,Townhouse,493165
10303,5,1436,906.0,1.0,5,1,1997,6276.0,Lakeside,Townhouse,522181
10305,4,2520,1124.0,1.0,4,3,1982,3957.0,West,Detached,588028
10307,6,1783,1190.0,3.0,4,1,2018,11193.0,East,Semi-Detached,596013
10309,10,2134,1012.0,2.0,3,3,2006,11465.0,Central,Detached,776919
10310,8,1966,340.0,2.0,3,1,1993,13678.0,North,Detached,617382
10311,10,2242,1018.0,2.0,3,3,1962,6726.0,North,Detached,747858
10312,9,2099,717.0,2.0,4,2,1973,26325.0,Central,Detached,628423
10313,6,2327,,3.0,4,2,1993,6848.0,South,Townhouse,608389
10314,9,1456,830.0,3.0,4,3,2006,7270.0,West,Detached,654062
10315,5,2475,1003.0,3.0,2,2,1965,,Central,Semi-Detached,611646
10316,10,1859,796.0,1.0,4,2,1970,10225.0,West,Semi-Detached,644168
10318,3,1371,922.0,2.0,5,2,1970,7721.0,South,Townhouse,446183
10319,9,2705,1783.0,1.0,5,2,2009,7294.0,South,Townhouse,762477
10320,8,1859,1376.0,0.0,2,3,2000,7220.0,South,Detached,618724
10321,10,1392,1243.0,1.0,4,3,1970,8591.0,West,Townhouse,638305
10322,7,1484,1197.0,3.0,2,2,1955,6533.0,West,Semi-Detached,539960
10324,4,1983,279.0,2.0,3,2,2014,12965.0,North,Semi-Detached,530528
10326,8,1434,1388.0,2.0,4,3,1955,9507.0,Greenfield,Townhouse,606576
10327,5,1737,1030.0,0.0,1,1,2014,5361.0,East,Detached,531953
10328,9,2928,488.0,2.0,2,2,1983,6549.0,Lakeside,Semi-Detached,694993
10329,10,2700,1029.0,2.0,4,2,2005,4594.0,Lakeside,Detached,816735
10330,10,1990,1732.0,1.0,4,2,2024,18429.0,West,Detached,782461
10331,3,1771,1549.0,3.0,5,3,1952,14856.0,Central,Detached,505653
10334,5,1187,903.0,2.0,3,2,1955,11314.0,South,Detached,433347
10335,8,1608,368.0,2.0,1,2,1955,7404.0,Lakeside,Detached,563014
10336,10,832,680.0,1.0,2,2,2012,9460.0,North,Detached,591888
10337,7,1970,1675.0,0.0,3,2,1969,14758.0,Central,Detached,597244
10338,5,2106,940.0,3.0,4,3,1970,5383.0,North,Detached,614888
10339,6,1484,953.0,1.0,3,3,1951,4719.0,Greenfield,Detached,513368
10341,5,1076,1812.0,4.0,3,2,1959,6143.0,Central,Detached,515801
10342,6,945,1700.0,1.0,2,2,2019,2894.0,West,Detached,552975
10344,4,2326,986.0,2.0,4,4,1979,6954.0,Central,Semi-Detached,583583
10346,9,1498,443.0,3.0,5,2,2004,8286.0,North,Detached,648766
10347,5,2343,1641.0,2.0,2,2,1998,19723.0,Greenfield,Townhouse,599376
10348,6,1729,583.0,3.0,6,1,1983,7286.0,West,Semi-Detached,571705
10349,10,1655,1137.0,1.0,3,1,1993,9067.0,Lakeside,Detached,640459
10350,9,2236,611.0,4.0,1,2,1971,3849.0,East,Semi-Detached,654007
10354,10,2509,834.0,1.0,3,2,1965,,West,Townhouse,710316
10356,9,1968,1383.0,3.0,5,2,1992,6256.0,North,Semi-Detached,716879
10357,4,2022,608.0,2.0,3,1,1993,7639.0,Central,Semi-Detached,549154
10358,10,1893,1138.0,1.0,4,2,1996,10204.0,Central,Semi-Detached,686927
10359,3,1447,1537.0,2.0,3,2,1968,20006.0,West,Semi-Detached,446703
10360,5,1381,845.0,4.0,4,2,1997,7240.0,North,Semi-Detached,532919
10361,6,1736,763.0,2.0,3,2,2018,17736.0,East,Semi-Detached,551070
10362,3,2395,958.0,2.0,3,2,1960,3313.0,East,Detached,492071
10363,3,2049,1522.0,1.0,3,1,1978,8552.0,West,Detached,513337
10364,4,1546,1128.0,4.0,3,2,1994,6883.0,Lakeside,Townhouse,520804
10365,9,2174,838.0,3.0,5,3,2017,6295.0,Central,Detached,746204
10369,5,1551,1213.0,1.0,3,2,1993,3914.0,Central,Townhouse,525765
10370,9,1134,927.0,2.0,4,2,2016,11071.0,North,Semi-Detached,621478
10371,6,1038,715.0,3.0,6,2,2023,3829.0,Central,Detached,496833
10373,4,1493,1264.0,3.0,4,3,1963,8462.0,East,Detached,504294
10374,10,1941,1542.0,2.0,3,2,2012,7410.0,North,Detached,771340
10376,6,2012,1233.0,2.0,4,2,2007,10085.0,North,Detached,600986
10377,6,1792,215.0,1.0,3,3,1964,4709.0,South,Detached,466689
10378,3,1044,816.0,2.0,4,3,2014,8154.0,North,Detached,475632
10379,4,2298,1038.0,2.0,5,2,2004,4791.0,Central,Semi-Detached,565612
10380,3,1478,686.0,0.0,3,3,1959,8611.0,North,Semi-Detached,404893
10381,10,894,675.0,2.0,5,2,1991,10701.0,West,Detached,564850
10385,7,1558,155.0,3.0,3,2,1968,7779.0,South,Townhouse,501591
10386,10,1558,202.0,2.0,6,2,1980,7188.0,West,Detached,598660
10387,5,1573,807.0,3.0,4,2,2022,6979.0,North,Townhouse,540202
10388,9,2892,,2.0,2,2,2002,5580.0,Greenfield,Detached,729689
10389,3,1960,0.0,3.0,3,2,1957,6587.0,West,Semi-Detached,385125
10390,3,1987,850.0,2.0,4,2,1973,4849.0,North,Detached,507516
10391,5,2317,840.0,2.0,2,1,1957,3732.0,East,Detached,564439
10392,5,1881,1605.0,2.0,1,2,1997,5836.0,North,Detached,623688
10393,10,1608,896.0,2.0,3,1,1979,10603.0,East,Detached,642981
10394,10,1642,,1.0,3,1,2007,8889.0,Central,Detached,670134
10396,6,1730,198.0,0.0,3,2,2022,6664.0,East,Semi-Detached,507365
10397,10,2150,1357.0,3.0,2,2,2011,10925.0,North,Semi-Detached,729181
10398,8,1779,1136.0,1.0,4,1,1997,6538.0,South,Detached,583260
10400,3,1706,2500.0,2.0,3,2,1986,22096.0,Lakeside,Townhouse,555508
10401,10,1793,,2.0,3,2,1957,7421.0,North,Detached,652862
10402,6,651,1740.0,2.0,4,2,1950,4739.0,West,Detached,455012
10403,5,2254,935.0,1.0,2,2,2019,8641.0,East,Detached,571061
10404,3,1941,1165.0,3.0,2,2,1996,7698.0,South,Semi-Detached,500264
10405,10,2299,,3.0,2,1,2024,3998.0,Central,Detached,798549
10406,6,500,880.0,3.0,4,2,1954,8343.0,East,Detached,426930
10407,8,2899,822.0,2.0,4,3,1999,12455.0,East,Townhouse,713133
10408,10,1673,1182.0,3.0,4,2,1973,7204.0,West,Semi-Detached,683909
10410,8,1178,1350.0,0.0,4,3,1967,9331.0,South,Detached,536138
10411,5,2087,884.0,0.0,3,2,1977,10493.0,West,Detached,535572
10413,8,1407,870.0,2.0,2,2,1979,6165.0,North,Townhouse,552789
10417,7,2229,758.0,2.0,3,3,1980,8091.0,West,Detached,610129
10418,4,2023,1353.0,2.0,3,4,2019,10362.0,Lakeside,Semi-Detached,641272
10419,10,1833,1324.0,2.0,4,3,2005,10166.0,Greenfield,Townhouse,659549
10420,8,1951,1789.0,1.0,4,3,1977,2635.0,North,Detached,709409
10422,4,1718,1317.0,2.0,3,2,2003,13440.0,West,Townhouse,507123
10423,8,1861,1089.0,1.0,4,2,2002,9267.0,North,Detached,628999
10424,5,2328,1568.0,1.0,3,2,1961,4588.0,Central,Townhouse,617232
10425,10,2358,762.0,2.0,5,3,1969,13993.0,Central,Semi-Detached,775078
10428,6,1121,1024.0,1.0,4,3,2013,11884.0,South,Detached,520673
10429,3,2648,1087.0,3.0,4,4,1972,19675.0,Lakeside,Detached,652051
10431,3,1916,1004.0,2.0,2,2,1966,10272.0,Greenfield,Detached,473936
10432,8,1335,1136.0,2.0,2,1,1997,19553.0,North,Townhouse,569964
10435,6,1927,1398.0,2.0,4,2,1989,8908.0,North,Detached,583311
10436,10,1982,868.0,4.0,3,3,1952,14819.0,West,Semi-Detached,677514
10437,10,2638,694.0,,2,3,1966,5065.0,West,Semi-Detached,720730
10438,10,1999,1432.0,2.0,4,2,2010,7892.0,South,Detached,701605
10441,3,2404,808.0,3.0,3,1,1977,8919.0,East,Detached,576218
10442,10,1075,958.0,2.0,4,2,2021,7646.0,Lakeside,Detached,686609
10443,3,2079,394.0,2.0,2,2,2004,10686.0,East,Semi-Detached,493277
10444,10,2136,893.0,2.0,5,1,2007,13368.0,South,Semi-Detached,745167
10445,6,1586,1449.0,2.0,3,2,1994,4512.0,Greenfield,Detached,568211
10446,5,2507,863.0,1.0,4,1,2021,8247.0,Greenfield,Detached,604933
10447,5,1667,1306.0,2.0,5,2,1968,7811.0,North,Detached,552703
10448,8,1819,974.0,1.0,4,2,1978,8767.0,Central,Detached,657440
10449,9,1655,1180.0,3.0,3,2,1972,7944.0,North,Detached,671808
10450,8,1759,591.0,2.0,4,2,1981,5146.0,North,Detached,643993
10452,8,958,0.0,2.0,3,2,1998,18649.0,South,Townhouse,415322
10453,8,2627,975.0,2.0,6,2,2014,10232.0,Lakeside,Detached,753949
10454,8,1284,398.0,2.0,4,3,1978,10471.0,Central,Semi-Detached,571223
10455,7,1205,1532.0,1.0,4,2,2008,8486.0,Greenfield,Detached,556742
10456,5,566,1361.0,2.0,3,3,1994,12374.0,Central,Detached,466253
10457,8,1399,1237.0,1.0,2,2,2016,2665.0,East,Detached,592924
10458,10,1022,1658.0,2.0,2,2,2000,7986.0,Central,Detached,691737
10459,5,2653,670.0,2.0,3,1,1960,6183.0,Greenfield,Detached,605452
10460,5,2305,1749.0,3.0,4,2,1955,8543.0,Central,Townhouse,643662
10461,4,1372,1423.0,1.0,3,2,2016,13081.0,Central,Townhouse,497137
10462,7,2989,955.0,1.0,4,1,2011,8069.0,Greenfield,Detached,697727
10464,3,1571,607.0,3.0,3,2,1958,4254.0,Central,Townhouse,477474
10465,6,500,720.0,2.0,3,1,1977,7616.0,Lakeside,Detached,439756
10466,9,3010,807.0,2.0,3,2,1987,10826.0,Greenfield,Semi-Detached,742223
10467,10,986,838.0,2.0,2,2,1992,5479.0,South,Townhouse,529537
10468,3,845,627.0,1.0,5,2,1970,3248.0,West,Townhouse,361678
10469,7,2312,1539.0,4.0,3,2,2011,22261.0,Central,Detached,731372
10470,6,3092,946.0,2.0,5,2,1995,9302.0,South,Detached,694937
10471,7,2511,1191.0,2.0,3,2,2019,7241.0,West,Detached,680550
10473,5,2077,322.0,1.0,3,2,1998,8526.0,East,Townhouse,511554
10474,6,2219,,4.0,5,2,2024,14568.0,East,Semi-Detached,656587
10475,5,2167,285.0,1.0,1,3,1988,14017.0,West,Semi-Detached,520096
10476,10,1905,1023.0,2.0,4,2,2020,4508.0,East,Semi-Detached,672667
10477,3,1807,503.0,1.0,5,1,1979,9840.0,West,Semi-Detached,422578
10478,10,1716,1845.0,2.0,2,2,1970,17389.0,South,Semi-Detached,716854
10479,3,1335,1415.0,3.0,2,3,1950,,North,Semi-Detached,449985
10480,6,1596,1092.0,2.0,3,1,1981,5132.0,North,Detached,556405
10485,7,1849,1156.0,1.0,1,2,1968,9327.0,North,Semi-Detached,594009
10486,8,2516,1559.0,4.0,4,3,2008,7143.0,Central,Semi-Detached,813733
10487,5,2255,1343.0,2.0,2,2,2004,7606.0,South,Townhouse,575317
10488,6,886,1165.0,2.0,4,2,1979,5489.0,Greenfield,Detached,525664
10489,3,1206,388.0,2.0,5,2,1985,9357.0,Central,Semi-Detached,422835
10490,7,2267,,1.0,3,3,2004,12835.0,South,Detached,605320
10491,10,1210,1001.0,1.0,4,1,1993,5993.0,South,Townhouse,593085
10492,7,1626,1087.0,2.0,2,2,1976,3752.0,West,Detached,571979
10493,3,2053,598.0,2.0,4,2,2003,6980.0,North,Semi-Detached,529504
10494,8,1217,2015.0,1.0,2,2,1997,11243.0,North,Semi-Detached,579981
10497,5,1419,1079.0,4.0,3,2,1962,11279.0,West,Townhouse,505500
10499,3,874,669.0,2.0,3,1,1993,8072.0,Central,Detached,330420
10500,6,1992,1081.0,,4,1,2020,3884.0,East,Detached,589633
10501,9,1739,1153.0,2.0,3,2,1976,,West,Detached,627343
10502,7,2054,553.0,3.0,4,4,1994,8565.0,South,Townhouse,557901
10503,7,1873,1184.0,1.0,2,1,1984,5557.0,West,Townhouse,548147
10504,10,2500,988.0,1.0,4,3,1977,10402.0,Greenfield,Detached,785031
10505,9,1819,287.0,3.0,2,3,1956,5318.0,North,Detached,644885
10506,3,1514,706.0,2.0,3,2,2011,8093.0,South,Detached,421073
10508,5,2049,1805.0,2.0,4,3,1995,10555.0,South,Detached,601565
10509,10,1777,1273.0,2.0,3,1,1969,7949.0,East,Detached,682526
10510,4,1772,516.0,2.0,5,2,1987,7323.0,Lakeside,Detached,531097
10511,3,1364,1244.0,3.0,5,2,2010,5574.0,Greenfield,Semi-Detached,464852
10512,4,1385,431.0,3.0,3,2,1981,8126.0,South,Semi-Detached,406163
10513,9,979,1483.0,2.0,4,3,1975,7116.0,West,Detached,624009
10514,8,2712,862.0,3.0,2,1,2007,5407.0,Central,Semi-Detached,760543
10516,5,1369,1580.0,3.0,4,2,1969,9424.0,East,Townhouse,507874
10517,10,1355,535.0,2.0,4,2,1999,6870.0,South,Detached,601880
10518,8,2242,491.0,3.0,4,2,2001,12166.0,West,Townhouse,647626
10520,4,2436,1465.0,1.0,3,3,2002,4489.0,Lakeside,Detached,634034
10521,10,1380,442.0,3.0,2,2,2015,14604.0,Central,Detached,690206
10522,9,1903,0.0,3.0,4,3,1992,11298.0,North,Townhouse,651534
10523,8,1291,870.0,3.0,3,2,1972,12557.0,North,Semi-Detached,549919
10524,9,2930,1271.0,1.0,4,1,2013,9580.0,Greenfield,Townhouse,761478
10525,4,1097,1530.0,3.0,3,1,1958,2794.0,West,Semi-Detached,422857
10526,9,1920,865.0,3.0,3,1,1956,,Lakeside,Semi-Detached,645394
10529,4,1648,302.0,0.0,3,2,2014,10202.0,West,Townhouse,478417
10532,10,1669,1230.0,2.0,3,2,1981,6330.0,South,Semi-Detached,629178
10534,3,2966,1064.0,0.0,2,2,2013,4943.0,Lakeside,Detached,624340
10537,10,1701,1231.0,1.0,5,3,1998,9693.0,Greenfield,Detached,730579
10538,9,3169,657.0,0.0,3,3,1957,19569.0,North,Semi-Detached,684694
10540,4,2652,1229.0,3.0,5,2,1995,5451.0,North,Townhouse,687486
10541,9,2673,913.0,2.0,1,2,1970,7078.0,East,Semi-Detached,703648
10542,4,1446,1118.0,3.0,4,3,1981,13936.0,Lakeside,Semi-Detached,510663
10543,5,2063,665.0,0.0,3,2,1957,9718.0,Greenfield,Detached,491698
10546,10,1638,1113.0,2.0,4,2,1976,13595.0,Greenfield,Detached,656254
10547,7,1430,815.0,0.0,4,2,1967,4936.0,East,Townhouse,481782
10548,6,1192,1140.0,2.0,1,2,1984,9933.0,North,Detached,490541
10549,4,1393,1336.0,2.0,5,2,2001,9343.0,East,Townhouse,474273
10550,9,1077,230.0,3.0,2,2,1964,8158.0,East,Detached,513787
10551,3,1769,1514.0,2.0,3,2,2012,11403.0,West,Detached,533555
10553,7,1879,1220.0,2.0,2,1,2015,6290.0,North,Semi-Detached,609629
10554,6,894,1529.0,1.0,2,3,1980,8340.0,Greenfield,Detached,483833
10557,10,653,935.0,1.0,2,2,1983,11824.0,Greenfield,Semi-Detached,517344
10558,8,1956,736.0,4.0,2,3,2004,5953.0,North,Detached,650256
10559,10,2425,,2.0,4,3,2008,5349.0,South,Detached,756240
10560,8,1085,,0.0,4,2,1952,6053.0,Lakeside,Detached,515012
10561,6,2670,828.0,2.0,3,2,1966,7776.0,South,Townhouse,580004
10563,9,1362,569.0,3.0,3,2,1987,16550.0,South,Detached,567070
10564,9,1719,892.0,3.0,2,2,1984,15635.0,North,Detached,631196
10565,6,2057,1177.0,4.0,2,3,1950,11631.0,West,Detached,608130
10566,4,1792,917.0,2.0,3,1,1978,8449.0,South,Detached,486946
10567,4,2046,1013.0,2.0,3,4,1953,5272.0,Central,Detached,554098
10568,10,1244,838.0,2.0,3,3,2010,17035.0,Central,Detached,631100
10569,9,1843,444.0,1.0,3,2,1966,7156.0,Greenfield,Detached,577033
10570,9,972,1179.0,2.0,5,3,1977,9080.0,Lakeside,Detached,615508
10572,5,1253,1057.0,1.0,3,2,1957,8225.0,Lakeside,Semi-Detached,448566
10573,3,1345,1140.0,2.0,3,2,1983,13429.0,Central,Detached,451328
10574,4,2430,1327.0,3.0,3,1,2008,9819.0,Central,Detached,614031
10575,9,2350,542.0,3.0,3,2,1967,12483.0,Lakeside,Semi-Detached,701123
10576,8,2085,1731.0,1.0,4,3,2008,9784.0,West,Townhouse,681627
10577,7,1149,1131.0,1.0,3,2,1976,7865.0,East,Detached,541554
10578,8,1576,1703.0,1.0,4,2,1965,8272.0,Central,Semi-Detached,593397
10579,4,2417,757.0,3.0,5,2,1959,7779.0,South,Detached,579465
10580,4,1828,1777.0,1.0,3,3,1971,4488.0,South,Detached,530775
10581,8,3026,1360.0,2.0,3,1,1965,5099.0,West,Townhouse,760694
10582,3,1966,1271.0,1.0,2,2,1961,11164.0,South,Semi-Detached,484265
10585,8,1823,1530.0,3.0,3,1,1950,4987.0,West,Detached,634863
10586,9,1666,1106.0,1.0,5,2,1976,6511.0,East,Semi-Detached,570518
10587,8,2139,263.0,2.0,2,2,2016,7460.0,Central,Detached,663225
10588,5,2276,603.0,1.0,3,2,1961,6663.0,East,Detached,539043
10589,6,1318,976.0,2.0,4,3,1979,,West,Detached,516675
10593,7,1143,270.0,2.0,3,2,2003,11164.0,Greenfield,Townhouse,453454
10595,6,1964,323.0,2.0,2,2,2014,4435.0,Lakeside,Semi-Detached,581546
10596,6,3121,1354.0,1.0,3,1,1991,16205.0,Greenfield,Detached,723205
10597,7,1747,1012.0,2.0,4,2,1998,6359.0,East,Townhouse,586369
10598,9,2211,1218.0,2.0,4,2,1953,6104.0,West,Detached,684685
10600,8,1696,1562.0,2.0,3,2,2000,8204.0,Central,Semi-Detached,658500
10601,7,2255,1467.0,3.0,2,2,2021,19514.0,Greenfield,Detached,706037
10602,10,1590,1283.0,3.0,1,2,2009,4001.0,Central,Detached,681167
10604,8,1927,1282.0,3.0,4,1,2021,9027.0,East,Detached,686994
10605,9,1383,767.0,2.0,4,2,2007,10336.0,Lakeside,Semi-Detached,636880
10606,5,2296,1392.0,2.0,3,2,1953,,Central,Townhouse,573858
10607,9,1654,1710.0,3.0,3,2,1971,10460.0,Central,Detached,720969
10608,10,1334,1478.0,2.0,3,2,1952,4808.0,South,Townhouse,637790
10609,6,2045,758.0,2.0,3,3,1996,5229.0,Lakeside,Townhouse,637579
10610,10,1256,1195.0,2.0,3,2,1987,8459.0,Greenfield,Semi-Detached,611918
10613,6,2347,1230.0,2.0,2,2,2014,10514.0,East,Detached,664402
10614,4,2011,,2.0,3,2,1975,4935.0,Greenfield,Townhouse,482683
10616,5,2200,937.0,2.0,4,1,1999,4700.0,South,Semi-Detached,566306
10617,3,2515,930.0,1.0,3,2,1987,17724.0,East,Detached,524905
10622,4,1582,748.0,1.0,1,3,1961,8159.0,Lakeside,Semi-Detached,475665
10623,9,1415,1469.0,3.0,4,2,1998,15806.0,North,Semi-Detached,644424
10624,4,1647,1712.0,,2,2,1963,11346.0,Greenfield,Semi-Detached,510007
10625,7,1781,857.0,1.0,5,2,1995,5605.0,Central,Semi-Detached,592377
10626,4,2041,805.0,2.0,5,1,1984,11852.0,North,Detached,517563
10627,7,1711,1246.0,2.0,3,2,1978,4572.0,North,Townhouse,540813
10628,8,2018,907.0,0.0,3,2,1961,5790.0,North,Semi-Detached,593878
10630,9,663,1346.0,2.0,3,1,2015,4807.0,North,Detached,577350
10631,3,1233,286.0,2.0,4,2,1951,12917.0,South,Detached,372113
10632,6,1671,1577.0,2.0,2,2,2008,22312.0,Central,Detached,571076
10633,7,1085,1079.0,2.0,2,2,1966,7007.0,West,Detached,505151
10634,3,2080,885.0,4.0,3,1,1959,5967.0,Lakeside,Detached,560926
10635,4,2592,1014.0,2.0,3,2,1967,7547.0,Central,Detached,634387
10636,4,2420,1035.0,1.0,5,3,1971,6225.0,North,Detached,545573
10637,3,1633,358.0,1.0,2,2,2007,9000.0,Greenfield,Semi-Detached,441864
10638,9,2570,1648.0,2.0,4,2,2002,4412.0,South,Detached,739258
10639,4,1832,,2.0,3,2,1950,9233.0,West,Detached,516538
10640,10,1565,1227.0,1.0,3,2,2010,18912.0,Central,Detached,673277
10641,8,1413,1431.0,2.0,3,2,1980,3249.0,North,Detached,625256
10642,8,1584,642.0,0.0,3,3,1980,4728.0,Greenfield,Detached,547556
10643,10,1537,1239.0,2.0,2,4,2015,6548.0,West,Semi-Detached,652495
10645,10,1838,1389.0,2.0,4,2,2002,11943.0,Greenfield,Detached,730233
10646,7,1752,199.0,,3,3,2023,11518.0,West,Semi-Detached,562117
10647,7,1990,1010.0,1.0,3,2,1971,3737.0,Central,Detached,583218
10648,3,2405,809.0,2.0,4,2,1972,5906.0,West,Townhouse,488401
10649,10,2272,1223.0,0.0,4,2,1964,5335.0,Lakeside,Townhouse,685866
10650,7,933,1238.0,3.0,3,3,1975,7769.0,North,Detached,525183
10653,9,998,1006.0,2.0,4,3,1989,6564.0,North,Semi-Detached,571267
10654,7,1626,691.0,,3,2,1988,10388.0,Central,Semi-Detached,562224
10656,7,759,902.0,3.0,4,3,1967,7311.0,South,Semi-Detached,479065
10657,9,2048,0.0,1.0,2,2,1990,17168.0,North,Semi-Detached,591701
10658,5,2168,900.0,1.0,6,1,2019,19589.0,Central,Townhouse,578831
10659,6,1433,635.0,2.0,2,1,1976,3025.0,Lakeside,Semi-Detached,514470
10660,4,500,397.0,1.0,4,2,1964,8421.0,East,Semi-Detached,290243
10662,5,1965,1094.0,3.0,3,2,2007,9924.0,South,Detached,588242
10663,7,937,1581.0,4.0,5,2,1954,8067.0,Central,Detached,558300
10664,8,1851,1175.0,2.0,3,3,2022,14442.0,North,Detached,686960
10665,3,1742,807.0,3.0,3,2,1956,,West,Detached,434375
10666,7,2069,1232.0,2.0,2,2,1990,11007.0,Central,Townhouse,641767
10667,8,1816,866.0,1.0,1,2,1959,7278.0,Greenfield,Semi-Detached,557419
10668,6,1215,772.0,2.0,3,2,2011,8767.0,East,Semi-Detached,503872
10669,7,2408,588.0,2.0,4,2,1975,9693.0,Central,Detached,676594
10670,9,1663,349.0,4.0,2,2,2017,11810.0,West,Townhouse,617149
10672,8,1237,1113.0,2.0,3,2,1990,6507.0,East,Semi-Detached,547481
10673,8,1506,1011.0,0.0,4,3,2014,3360.0,South,Detached,602415
10674,8,1263,884.0,1.0,4,2,1966,6721.0,Greenfield,Detached,540811
10675,6,1655,672.0,0.0,3,2,1973,12284.0,North,Semi-Detached,473516
10676,7,2691,1293.0,,2,3,1976,9854.0,North,Semi-Detached,695895
10677,6,995,523.0,3.0,5,1,1956,5108.0,North,Townhouse,449488
10678,10,863,1360.0,3.0,3,4,2022,3396.0,Lakeside,Townhouse,651846
10680,4,1635,749.0,2.0,4,2,1952,12123.0,Lakeside,Semi-Detached,465678
10682,7,2322,849.0,,2,1,1982,4175.0,North,Townhouse,615210
10684,6,2754,1256.0,2.0,4,3,2008,9265.0,South,Detached,689540
10685,3,2123,1441.0,2.0,4,2,2001,13993.0,Central,Detached,568092
10686,8,1482,,0.0,3,3,1955,7127.0,Central,Detached,585370
10687,8,2937,609.0,0.0,3,3,1951,12860.0,West,Detached,674595
10688,7,1417,918.0,1.0,2,2,1978,12235.0,North,Detached,544076
10689,9,2158,738.0,2.0,3,2,1989,4711.0,Central,Semi-Detached,688630
10690,4,1915,1582.0,3.0,4,1,2010,14045.0,Lakeside,Detached,584925
10691,4,2466,571.0,2.0,3,2,2017,9136.0,Central,Detached,601319
10692,8,2609,1407.0,,3,2,2017,4648.0,Lakeside,Semi-Detached,702869
10693,7,1768,1407.0,2.0,3,1,1978,17669.0,South,Townhouse,559312
10694,6,1336,1782.0,2.0,4,1,2011,7560.0,Greenfield,Townhouse,564481
10695,4,2003,886.0,1.0,5,3,2009,3336.0,South,Semi-Detached,523146
10696,6,1377,1335.0,3.0,2,2,1990,5822.0,North,Detached,580619
10697,9,2857,1963.0,,3,2,2014,5211.0,Lakeside,Detached,864936
10698,4,1825,803.0,1.0,2,2,2013,5886.0,Greenfield,Detached,491850
10699,4,1549,436.0,2.0,4,3,2012,6548.0,Central,Detached,470423
10700,5,1852,298.0,2.0,4,2,1997,7125.0,South,Detached,504504
10703,3,2410,901.0,2.0,5,2,2013,10420.0,Greenfield,Detached,583196
10704,10,1389,1225.0,2.0,2,1,1954,5718.0,North,Detached,621705
10705,7,1174,1124.0,0.0,4,2,1983,13611.0,Lakeside,Semi-Detached,519073
10707,6,2402,1139.0,1.0,5,2,2016,10551.0,Lakeside,Detached,676489
10708,10,2145,1562.0,0.0,3,2,2011,16759.0,Greenfield,Detached,726497
10709,10,2298,669.0,2.0,4,2,1973,7386.0,East,Detached,675789
10710,10,1334,779.0,2.0,4,4,1952,8728.0,East,Detached,622342
10712,4,2576,1382.0,3.0,2,2,2016,6354.0,West,Detached,633611
10713,3,1573,1410.0,1.0,5,3,1999,16198.0,Central,Semi-Detached,515671
10714,6,1612,1230.0,2.0,3,1,1978,11204.0,Central,Detached,561398
10715,10,2481,1523.0,1.0,2,4,2023,9658.0,North,Semi-Detached,834847
10717,5,2001,1717.0,1.0,4,3,1988,5795.0,South,Detached,600764
10718,6,2941,1659.0,2.0,2,2,1958,17496.0,Greenfield,Detached,722346
10719,10,1396,1344.0,2.0,3,2,1963,9625.0,South,Detached,615158
10720,6,2260,1763.0,4.0,2,3,2017,10180.0,Central,Detached,716799
10721,4,1781,387.0,0.0,3,4,2013,8638.0,South,Detached,441728
10723,6,2591,756.0,0.0,6,3,1977,9291.0,South,Townhouse,612838
10724,3,2029,1339.0,2.0,4,2,1963,4018.0,Central,Semi-Detached,508348
10725,3,2046,630.0,0.0,2,1,1993,3884.0,West,Detached,476891
10726,7,2340,1353.0,3.0,5,2,1988,5746.0,Greenfield,Semi-Detached,650403
10727,5,1549,1598.0,2.0,3,3,1977,8723.0,South,Detached,529288
10728,5,1288,1328.0,2.0,2,2,2013,3948.0,Central,Semi-Detached,547963
10729,7,1175,1164.0,2.0,5,2,1981,8471.0,Central,Detached,568532
10730,6,669,655.0,1.0,4,4,1958,5114.0,North,Detached,436525
10731,5,2881,711.0,1.0,4,2,1977,5433.0,East,Townhouse,584063
10732,3,1143,1550.0,2.0,4,2,1966,14357.0,West,Semi-Detached,413522
10733,3,1628,1362.0,2.0,3,2,2004,8135.0,East,Detached,496973
10735,4,1919,883.0,1.0,4,2,1955,8702.0,Central,Detached,506160
10736,5,2199,240.0,4.0,3,3,1997,4129.0,South,Townhouse,564210
10737,6,2223,622.0,0.0,3,2,2024,9502.0,Central,Semi-Detached,565328
10738,7,1429,1815.0,3.0,4,3,2016,13167.0,Greenfield,Townhouse,641355
10739,7,1658,538.0,3.0,4,1,1990,10775.0,West,Detached,594445
10740,6,1905,1126.0,2.0,3,2,2009,21124.0,West,Detached,602454
10741,9,1613,1453.0,1.0,4,2,1991,3344.0,North,Semi-Detached,644010
10742,8,2634,548.0,1.0,4,1,2020,8470.0,Lakeside,Detached,705795
10743,4,2020,1124.0,2.0,4,2,1977,4370.0,South,Detached,516797
10744,7,2154,1425.0,2.0,3,2,1962,7400.0,West,Semi-Detached,649072
10745,5,2115,1055.0,3.0,3,1,1964,8006.0,Greenfield,Semi-Detached,571114
10747,5,1850,383.0,2.0,2,2,1964,7788.0,Central,Semi-Detached,510671
10748,9,1037,1473.0,1.0,3,2,2024,7723.0,East,Semi-Detached,594257
10749,3,1970,981.0,1.0,3,3,2005,12576.0,North,Semi-Detached,482883
10750,4,1392,1359.0,3.0,3,2,1953,7812.0,Lakeside,Detached,534154
10751,10,1459,1227.0,1.0,5,2,2001,18237.0,North,Detached,651607
10752,7,2073,757.0,0.0,2,3,1959,10814.0,Central,Semi-Detached,571813
10753,4,2431,1142.0,2.0,4,3,1994,11615.0,North,Townhouse,614517
10754,4,1762,307.0,2.0,4,2,1978,3452.0,Lakeside,Detached,465709
10757,4,1882,1305.0,1.0,3,2,1972,7965.0,West,Detached,533718
10758,5,3181,1473.0,3.0,3,3,2006,5964.0,East,Detached,770960
10759,3,2061,1197.0,1.0,4,3,1999,5046.0,East,Semi-Detached,500444
10760,9,782,1109.0,2.0,3,2,1970,4657.0,East,Detached,514357
10761,6,2164,698.0,2.0,4,4,1992,8380.0,South,Semi-Detached,587684
10762,4,1960,765.0,0.0,2,2,1959,3297.0,East,Semi-Detached,429250
10763,7,2459,,2.0,4,1,1979,7172.0,East,Townhouse,584035
10764,4,2120,1625.0,1.0,3,3,2000,12877.0,West,Detached,591308
10765,7,1674,955.0,2.0,4,2,1982,10631.0,South,Semi-Detached,559282
10767,7,1635,688.0,3.0,4,4,1971,5347.0,West,Detached,593406
10769,6,1431,1316.0,1.0,3,2,1970,12785.0,East,Semi-Detached,500130
10770,3,2074,1826.0,2.0,4,2,1950,6537.0,Lakeside,Detached,564570
10771,7,2668,699.0,2.0,3,2,1964,7706.0,North,Townhouse,642100
10774,6,1995,1309.0,2.0,4,3,2003,18337.0,North,Semi-Detached,667960
10775,4,2408,964.0,1.0,4,2,1981,15448.0,Lakeside,Detached,595712
10776,7,1415,701.0,2.0,3,2,2007,2801.0,East,Semi-Detached,526464
10777,3,1676,1403.0,1.0,3,2,1995,6963.0,South,Detached,500395
10779,10,1318,683.0,1.0,4,2,1982,12204.0,Central,Detached,628718
10780,5,2107,1592.0,4.0,3,2,1988,8014.0,Greenfield,Detached,622049
10782,5,1981,1104.0,2.0,4,2,1992,6700.0,Central,Detached,557008
10784,6,1509,1272.0,3.0,4,3,1951,5413.0,North,Detached,575269
10785,4,2147,705.0,2.0,3,1,2015,4013.0,Central,Townhouse,528501
10787,9,2700,189.0,2.0,4,1,1978,4121.0,North,Detached,694970
10789,10,1874,425.0,2.0,3,3,2020,4894.0,North,Detached,688431
10790,9,2263,1651.0,2.0,4,2,1985,9552.0,Central,Detached,762313
10791,8,970,918.0,3.0,3,2,1978,9385.0,West,Semi-Detached,520646
10792,10,782,,3.0,6,3,1986,9548.0,Greenfield,Detached,607208
10793,7,911,799.0,3.0,6,3,1994,13574.0,South,Detached,546527
10794,6,2444,935.0,1.0,3,4,1965,7723.0,West,Detached,647746
10795,3,1446,1617.0,2.0,2,2,1980,5630.0,South,Detached,451583
10796,9,3157,55.0,2.0,4,2,1983,21641.0,West,Detached,761968
10797,7,1440,1561.0,2.0,3,1,1999,12025.0,Central,Semi-Detached,612309
10798,9,1852,1185.0,2.0,2,2,2014,8568.0,Central,Detached,674776
10799,3,2598,567.0,1.0,4,3,2011,8304.0,Lakeside,Detached,597968
10800,5,2853,620.0,3.0,2,2,1992,9114.0,Lakeside,Semi-Detached,661757
10801,3,2884,1721.0,2.0,5,2,2005,7305.0,North,Detached,687382
10802,8,2415,672.0,1.0,2,2,1964,8475.0,East,Semi-Detached,599002
10804,3,2076,1505.0,1.0,3,4,1998,5769.0,West,Detached,542341
10805,8,2178,1185.0,2.0,5,1,1993,3835.0,South,Semi-Detached,651876
10806,6,1447,675.0,0.0,4,2,1959,3144.0,West,Detached,455916
10807,10,1300,1137.0,2.0,4,3,1969,11929.0,East,Townhouse,597549
10808,3,1748,640.0,2.0,3,2,2019,3924.0,East,Detached,481113
10809,8,1656,1490.0,2.0,3,1,1957,9864.0,Lakeside,Semi-Detached,600285
10810,7,1501,1475.0,2.0,3,2,1994,4759.0,East,Townhouse,532187
10811,5,2133,1263.0,3.0,3,2,1983,4793.0,North,Semi-Detached,621167
10812,5,2275,1195.0,1.0,3,1,2000,5791.0,North,Semi-Detached,569938
10813,3,1799,1754.0,1.0,4,3,1953,8730.0,Lakeside,Semi-Detached,490744
10815,6,1122,577.0,1.0,5,3,1973,6061.0,Central,Detached,484430
10816,7,1643,1230.0,4.0,2,3,2004,7908.0,East,Detached,666888
10817,3,1356,1884.0,3.0,5,2,1975,4641.0,Greenfield,Detached,501505
10820,3,1683,1217.0,1.0,3,2,2020,7252.0,Central,Detached,515906
10821,9,2582,1028.0,2.0,3,3,2023,14184.0,East,Semi-Detached,747233
10822,6,2097,657.0,2.0,4,1,2007,4408.0,East,Detached,598086
10823,8,1187,1499.0,2.0,3,2,1961,7615.0,South,Detached,526127
10824,9,2770,1978.0,3.0,3,2,1950,8493.0,South,Semi-Detached,766436
10825,10,2422,1128.0,0.0,4,2,1999,5564.0,Central,Semi-Detached,740454
10826,6,2070,688.0,2.0,4,2,1974,7726.0,Greenfield,Semi-Detached,572358
10827,5,1625,430.0,2.0,4,2,1954,10299.0,Central,Detached,463987
10828,4,1222,1153.0,,3,1,2017,6483.0,East,Detached,459135
10829,9,1545,1492.0,1.0,4,1,1955,11284.0,North,Semi-Detached,622751
10830,10,2349,1240.0,2.0,4,2,1975,9546.0,North,Detached,760555
10831,7,2787,1049.0,3.0,3,2,2004,6154.0,East,Semi-Detached,748749
10832,7,2599,814.0,1.0,3,2,1988,13287.0,East,Townhouse,620203
10833,5,1481,613.0,3.0,3,2,1958,5732.0,West,Detached,441663
10834,6,1134,1384.0,2.0,2,2,1994,11759.0,North,Detached,520648
10835,3,1827,1416.0,3.0,3,2,1963,5778.0,Greenfield,Detached,452587
10836,6,777,432.0,2.0,2,3,2004,6939.0,East,Semi-Detached,444427
10837,5,1928,1686.0,1.0,4,1,1958,7435.0,Lakeside,Detached,583042
10838,7,1669,1280.0,2.0,4,2,1964,9317.0,West,Detached,600927
10839,6,1494,1610.0,3.0,5,3,1986,2700.0,North,Semi-Detached,608792
10840,7,873,513.0,2.0,4,3,1999,9831.0,Lakeside,Detached,544189
10841,9,2032,504.0,4.0,2,2,2021,7639.0,Central,Detached,652052
10842,10,1457,990.0,2.0,5,2,1970,9098.0,West,Semi-Detached,585859
10843,3,1107,1251.0,1.0,4,2,2006,10030.0,West,Detached,420461
10848,4,1499,1542.0,3.0,5,1,1992,8752.0,South,Detached,479350
10849,9,1419,664.0,,2,2,1991,5608.0,Greenfield,Townhouse,547576
10851,9,1201,936.0,2.0,3,3,1950,7128.0,Central,Detached,581885
10852,4,1916,1686.0,2.0,4,1,2004,11918.0,West,Detached,566158
10853,7,2171,1322.0,3.0,4,1,1964,13790.0,West,Detached,658956
10854,5,2425,995.0,2.0,6,2,1996,9067.0,East,Semi-Detached,587481
10855,9,1695,842.0,2.0,3,1,1995,10272.0,South,Semi-Detached,585630
10857,5,1267,1221.0,2.0,4,3,2020,11952.0,Central,Detached,556354
10859,4,1625,812.0,2.0,3,3,1952,7006.0,Central,Semi-Detached,468434
10860,9,1952,,2.0,3,1,1979,4623.0,Central,Detached,658908
10861,6,2252,1081.0,2.0,4,1,1984,6430.0,South,Semi-Detached,575951
10862,3,1308,199.0,3.0,4,1,2006,4856.0,North,Semi-Detached,399066
10863,4,2571,1233.0,2.0,3,2,1978,11270.0,Lakeside,Detached,622943
10864,4,1601,,2.0,3,3,1999,13855.0,West,Semi-Detached,512325
10866,3,1339,375.0,1.0,4,2,2001,24487.0,North,Semi-Detached,376803
10867,7,500,332.0,1.0,3,2,1963,6503.0,North,Detached,441969
10869,9,2155,766.0,2.0,4,1,1977,4701.0,Lakeside,Detached,699638
10871,7,1787,840.0,2.0,3,1,1979,4115.0,Greenfield,Detached,601832
10872,10,2034,1121.0,0.0,3,2,1956,10331.0,Greenfield,Semi-Detached,659694
10873,4,891,1210.0,2.0,3,2,1988,6817.0,Greenfield,Semi-Detached,426701
10874,3,1459,1102.0,2.0,4,3,2018,3174.0,West,Detached,489259
10875,4,2187,1019.0,2.0,2,2,1984,5878.0,South,Detached,490336
10876,5,1060,572.0,2.0,4,2,2001,17928.0,Lakeside,Townhouse,497875
10877,4,1911,1630.0,1.0,3,2,1963,9623.0,South,Detached,533052
10878,4,1004,1773.0,1.0,1,1,2012,11308.0,South,Semi-Detached,420163
10879,7,2007,377.0,3.0,2,2,1985,8465.0,South,Townhouse,560880
10880,7,1730,640.0,2.0,5,4,1973,7372.0,West,Semi-Detached,549683
10881,7,862,938.0,2.0,4,3,1989,8056.0,South,Townhouse,426489
10883,5,1346,1252.0,0.0,4,3,2002,4884.0,East,Detached,481926
10884,10,1304,759.0,2.0,4,1,1971,11278.0,Lakeside,Detached,614690
10885,10,1860,1916.0,2.0,6,2,2021,13254.0,West,Detached,775147
10886,7,2382,1526.0,2.0,3,1,1964,7323.0,Lakeside,Detached,662717
10888,8,1784,1461.0,2.0,2,1,2013,5729.0,North,Detached,634294
10889,6,1986,1492.0,1.0,3,2,1953,,West,Semi-Detached,592746
10890,3,2131,824.0,1.0,5,2,2024,6527.0,East,Detached,527319
10891,9,1847,724.0,2.0,3,3,1967,10734.0,Central,Detached,665255
10892,9,1548,1081.0,2.0,3,3,1991,7346.0,Lakeside,Townhouse,604355
10894,7,1797,1106.0,2.0,4,1,1964,5671.0,Greenfield,Semi-Detached,601484
10895,6,1160,419.0,2.0,4,1,2019,5170.0,East,Semi-Detached,471935
10896,6,500,729.0,3.0,3,2,2004,11161.0,South,Detached,437143
10897,8,1990,1020.0,2.0,5,2,2002,5117.0,West,Detached,661234
10898,6,2247,1020.0,0.0,1,2,1965,9851.0,North,Detached,583628
10900,5,1195,496.0,4.0,5,2,1983,11225.0,South,Semi-Detached,505601
10901,7,2091,1252.0,2.0,3,2,1976,6080.0,East,Detached,636432
10903,8,1761,1959.0,0.0,3,2,1976,7508.0,North,Detached,660034
10905,5,1649,1247.0,0.0,2,2,2018,3869.0,West,Townhouse,491976
10906,4,2506,1278.0,2.0,5,2,1980,23866.0,Central,Townhouse,595937
10907,4,1395,1128.0,3.0,4,1,1952,7558.0,Central,Semi-Detached,515512
10909,9,1484,1224.0,2.0,4,3,1970,6095.0,South,Townhouse,617162
10911,5,1817,1323.0,3.0,3,2,1981,6307.0,Lakeside,Semi-Detached,564964
10912,7,2644,1100.0,2.0,4,2,1991,6786.0,Central,Detached,719435
10913,7,1928,961.0,0.0,5,2,2011,8686.0,South,Townhouse,604588
10914,4,1611,1869.0,2.0,2,2,1981,13249.0,East,Semi-Detached,529421
10915,6,1590,780.0,1.0,3,2,1988,,Greenfield,Semi-Detached,531145
10916,8,890,889.0,2.0,3,2,2013,8786.0,West,Detached,507122
10917,4,2236,1847.0,,3,2,1979,9511.0,Lakeside,Semi-Detached,632577
10919,6,1651,830.0,2.0,2,2,1980,3786.0,South,Semi-Detached,496363
10920,10,3506,991.0,1.0,4,1,1989,4079.0,Lakeside,Detached,895211
10921,7,1914,1386.0,2.0,3,3,1982,6763.0,Central,Detached,659096
10922,9,1337,1133.0,3.0,3,1,2012,3446.0,Central,Detached,662366
10923,3,1516,533.0,2.0,4,1,1974,5865.0,West,Detached,419056
10924,9,2382,837.0,2.0,4,4,1985,4322.0,West,Detached,683638
10925,3,1812,807.0,3.0,3,4,1973,9963.0,Central,Detached,498639
10926,5,959,1019.0,3.0,3,1,2007,9741.0,South,Detached,470308
10927,7,2256,1220.0,1.0,4,2,1988,6988.0,East,Detached,651600
10928,6,1383,1217.0,0.0,3,2,1995,3402.0,Lakeside,Detached,575371
10929,8,2780,340.0,2.0,3,2,1959,7190.0,South,Townhouse,632877
10930,3,2344,1476.0,3.0,4,3,1981,9275.0,West,Detached,580214
10931,9,1504,1151.0,4.0,2,4,1985,11522.0,Central,Detached,684463
10932,6,2455,1604.0,3.0,2,2,1977,17610.0,Greenfield,Detached,697826
10933,3,1787,1228.0,2.0,1,2,1965,13234.0,East,Semi-Detached,421741
10934,3,2219,1491.0,2.0,2,2,1965,8616.0,East,Townhouse,521539
10935,10,2017,1237.0,0.0,2,2,1967,7036.0,Lakeside,Detached,665716
10936,3,1285,1588.0,1.0,6,3,1957,5727.0,Lakeside,Detached,486354
10937,8,1396,1259.0,2.0,3,3,2024,14724.0,Central,Townhouse,639699
10940,4,1528,1406.0,2.0,5,2,2011,6134.0,West,Detached,543101
10941,6,1225,1279.0,1.0,3,1,1987,4577.0,Lakeside,Detached,537606
10945,7,1763,1108.0,2.0,3,2,1981,5741.0,East,Townhouse,513074
10946,9,2527,804.0,2.0,3,3,1957,8090.0,Greenfield,Semi-Detached,700392
10947,7,1706,1106.0,4.0,3,1,1989,13591.0,Central,Detached,570327
10948,10,1999,,1.0,3,3,2005,3768.0,East,Detached,720284
10951,5,1647,1005.0,2.0,4,2,2023,4140.0,North,Semi-Detached,564014
10952,6,2292,728.0,3.0,2,2,1985,6742.0,Lakeside,Detached,666406
10953,7,2403,895.0,2.0,3,2,2006,10520.0,Central,Townhouse,651157
10954,6,3174,885.0,3.0,3,2,2023,7790.0,East,Detached,713282
10955,5,2069,859.0,1.0,5,1,1994,7740.0,East,Semi-Detached,536061
10956,5,1929,548.0,3.0,3,2,1951,8265.0,Greenfield,Townhouse,481610
10957,6,1857,999.0,0.0,4,2,2017,24850.0,South,Detached,558531
10958,3,1556,826.0,3.0,3,3,1999,17827.0,South,Detached,473630
10959,4,1936,0.0,2.0,2,1,1978,5855.0,Greenfield,Detached,442985
10960,9,1588,1871.0,2.0,2,2,1959,12837.0,Lakeside,Detached,665174
10961,3,1843,1486.0,2.0,3,3,1976,10043.0,Lakeside,Detached,501398
10962,3,2475,899.0,3.0,2,3,1964,7930.0,South,Detached,534642
10964,9,2377,581.0,2.0,4,2,1980,9802.0,North,Townhouse,667561
10965,9,2474,1728.0,3.0,1,3,1970,6971.0,South,Detached,760455
10966,3,1685,1809.0,2.0,3,2,2009,,Central,Detached,594938
10968,8,1416,1459.0,2.0,3,1,1990,12546.0,Central,Detached,627730
10970,5,1737,515.0,3.0,3,2,1994,5679.0,East,Townhouse,525206
10971,10,1200,885.0,3.0,3,1,1975,11353.0,Greenfield,Detached,585878
10972,9,1472,1103.0,2.0,4,2,2000,7497.0,South,Detached,595784
10973,3,2212,868.0,4.0,5,1,1985,7588.0,East,Detached,530408
10974,5,2051,963.0,2.0,3,1,2001,12734.0,South,Detached,499941
10975,6,1619,1013.0,0.0,2,3,2000,14449.0,North,Detached,545933
10976,4,1548,1018.0,1.0,5,1,1952,3071.0,West,Semi-Detached,418762
10977,10,1535,1071.0,2.0,3,3,1963,7550.0,East,Detached,648844
10978,10,1243,626.0,1.0,3,1,1998,4241.0,Central,Detached,544570
10979,10,2638,763.0,3.0,3,3,1950,6722.0,Lakeside,Semi-Detached,763141
10980,8,1573,536.0,3.0,2,3,2006,7976.0,West,Detached,602362
10981,6,2419,1441.0,1.0,4,2,1966,6819.0,North,Detached,633144
10982,10,2587,208.0,2.0,3,2,1999,5043.0,West,Townhouse,725463
10983,6,2299,1511.0,2.0,3,1,1963,4930.0,North,Detached,615758
10984,7,1513,1605.0,3.0,3,4,2008,11101.0,West,Semi-Detached,643467
10985,10,1972,929.0,3.0,4,3,1952,15960.0,Central,Detached,701588
10986,4,1737,9.0,2.0,4,3,1989,3165.0,South,Detached,484910
10987,6,1253,905.0,3.0,2,2,2015,6903.0,Lakeside,Detached,557096
10988,6,1928,1024.0,2.0,3,2,1983,11121.0,Greenfield,Detached,597028
10990,10,2403,844.0,1.0,4,2,1970,4847.0,South,Detached,717398
10991,4,1494,1662.0,1.0,4,2,1974,6452.0,West,Townhouse,485411
10992,6,1861,1316.0,2.0,2,1,1993,9165.0,Greenfield,Semi-Detached,541121
10993,4,1906,680.0,1.0,4,3,1974,6967.0,South,Detached,491423
10994,6,1608,411.0,0.0,4,1,1958,7829.0,Lakeside,Semi-Detached,485639
10995,6,2073,919.0,2.0,1,2,2011,7931.0,North,Townhouse,519000
10996,7,1489,965.0,0.0,3,2,1975,6319.0,North,Semi-Detached,485142
10997,3,2229,1248.0,2.0,3,3,2006,11552.0,Central,Detached,601680
11000,5,2816,1824.0,2.0,4,1,1986,,Greenfield,Detached,707135
11001,8,1200,1376.0,0.0,5,3,1973,7725.0,North,Detached,574889
11002,9,1377,1031.0,2.0,4,4,1975,2500.0,South,Townhouse,578814
11003,3,2033,977.0,3.0,5,3,1969,14070.0,Greenfield,Townhouse,508056
11004,3,1849,907.0,4.0,6,2,1958,14050.0,North,Townhouse,502657
11006,7,2019,799.0,2.0,4,2,1980,10630.0,West,Townhouse,581417
11007,6,2099,1068.0,3.0,3,2,1968,21143.0,North,Detached,646140
11009,6,1975,849.0,2.0,3,2,1976,8494.0,West,Detached,613537
11010,10,1617,501.0,2.0,6,3,1993,19410.0,Lakeside,Detached,683170
11011,7,2120,1179.0,0.0,4,2,1984,21352.0,Central,Semi-Detached,620307
11012,7,2795,1026.0,2.0,4,2,2020,6785.0,Central,Detached,731064
11013,8,1677,1250.0,1.0,2,2,1971,19767.0,West,Townhouse,587168
11015,7,2359,1538.0,3.0,4,2,1964,15678.0,North,Detached,689906
11016,8,1684,699.0,1.0,1,2,1962,11312.0,East,Townhouse,542551
11017,4,555,1735.0,3.0,4,1,1953,9179.0,North,Detached,448570
11018,5,2216,351.0,0.0,1,2,2005,21621.0,South,Semi-Detached,472753
11019,10,1456,1224.0,2.0,4,2,1972,6306.0,East,Semi-Detached,649911
11020,7,1700,1240.0,0.0,3,3,1983,18830.0,East,Detached,604133
11021,9,1933,732.0,3.0,4,2,1966,20222.0,North,Semi-Detached,615539
11022,3,1855,1220.0,3.0,4,3,1977,14773.0,West,Detached,514613
11024,4,1510,163.0,3.0,2,3,1983,8930.0,North,Detached,472466
11025,10,2032,1251.0,2.0,2,2,2024,4508.0,Greenfield,Detached,770111
11026,8,1607,53.0,4.0,4,2,2006,6526.0,North,Detached,601500
11029,7,1236,817.0,2.0,3,2,1986,6996.0,Greenfield,Townhouse,484291
11031,9,1455,971.0,2.0,3,1,1975,7463.0,Central,Detached,624492
11032,10,2194,1877.0,1.0,1,4,2010,12738.0,East,Townhouse,765448
11033,3,1952,317.0,2.0,3,2,2016,10323.0,Central,Detached,485473
11034,8,2761,629.0,2.0,6,2,2023,6966.0,East,Detached,744232
11035,3,1627,1649.0,2.0,5,2,2001,7461.0,North,Semi-Detached,515033
11036,4,1558,1793.0,0.0,3,2,1967,8624.0,Central,Detached,472422
11037,10,1739,1009.0,1.0,4,1,2002,3179.0,North,Townhouse,636940
11038,9,1583,554.0,2.0,4,2,2012,12251.0,Greenfield,Detached,589271
11039,3,2190,1888.0,3.0,3,2,2002,7585.0,North,Detached,596884
11040,5,861,1688.0,2.0,1,2,1976,12445.0,East,Semi-Detached,422997
11041,7,1170,1322.0,2.0,2,3,1980,9527.0,Central,Townhouse,558570
11042,4,1163,725.0,2.0,3,2,1950,7436.0,East,Townhouse,389341
11043,9,2273,1030.0,2.0,5,2,1955,8744.0,South,Detached,706643
11045,8,1693,1182.0,2.0,2,2,1983,15545.0,Lakeside,Detached,645892
11046,5,1657,1630.0,1.0,3,3,2012,8229.0,Greenfield,Detached,548716
11047,5,1789,1402.0,4.0,4,3,2002,9108.0,East,Townhouse,575211
11048,3,2389,619.0,1.0,4,2,1967,4534.0,West,Townhouse,477410
11049,7,1240,1601.0,2.0,4,2,1970,7832.0,East,Townhouse,581574
11050,3,1881,1175.0,0.0,4,2,1968,15393.0,South,Detached,462761
11052,3,2026,1637.0,3.0,4,1,1978,4918.0,East,Townhouse,547206
11053,5,1854,605.0,1.0,4,4,1974,5161.0,East,Detached,536998
11055,3,500,837.0,2.0,4,4,2012,12544.0,Central,Semi-Detached,402000
11057,10,1390,1189.0,1.0,2,2,2009,2500.0,Central,Townhouse,695852
11058,9,743,2055.0,3.0,3,2,1998,7712.0,East,Detached,641932
11059,8,2031,314.0,3.0,3,2,2014,8550.0,Central,Semi-Detached,636341
11060,6,2506,1037.0,3.0,3,2,1987,5189.0,Central,Semi-Detached,678582
11061,3,1674,1306.0,3.0,3,2,2001,6711.0,North,Detached,536261
11063,9,2637,1005.0,0.0,3,2,1989,9616.0,North,Detached,733349
11065,8,2652,1143.0,3.0,1,2,1964,7353.0,Lakeside,Detached,726563
11066,5,2158,747.0,3.0,4,2,1999,7220.0,South,Detached,610670
11067,7,1791,174.0,2.0,3,1,1997,9082.0,East,Semi-Detached,536006
11068,9,869,1528.0,1.0,3,1,1981,4204.0,Greenfield,Townhouse,514062
11070,7,1286,1071.0,2.0,4,2,2017,,Central,Detached,575665
11071,7,2944,,4.0,4,1,1994,7743.0,South,Detached,748589
11072,4,1653,1480.0,1.0,3,3,1981,5457.0,North,Semi-Detached,500591
11073,4,1818,1140.0,1.0,2,1,1953,5560.0,North,Townhouse,461382
11074,5,2053,1412.0,1.0,4,2,2014,11065.0,North,Semi-Detached,583184
11075,3,1774,931.0,3.0,3,3,2020,6337.0,South,Semi-Detached,542812
11076,7,2682,1575.0,1.0,3,2,2022,10068.0,West,Detached,747529
11077,8,1408,1178.0,0.0,2,1,2014,6034.0,North,Detached,589317
11078,3,1857,1128.0,4.0,4,3,1967,4811.0,North,Semi-Detached,540864
11079,8,1342,542.0,0.0,2,2,2003,8930.0,South,Semi-Detached,487780
11080,3,1024,1165.0,3.0,5,3,1996,7657.0,Central,Semi-Detached,491793
11082,7,1730,795.0,3.0,3,2,2015,11909.0,West,Semi-Detached,640782
11083,7,1514,724.0,2.0,4,4,1958,6810.0,South,Semi-Detached,516323
11084,6,1369,624.0,3.0,4,2,2017,9360.0,East,Townhouse,531788
11086,3,1704,1583.0,0.0,3,2,1992,10640.0,South,Semi-Detached,460991
11087,3,922,1818.0,0.0,4,1,2000,8886.0,Greenfield,Detached,380837
11088,10,2168,561.0,1.0,3,1,2021,6042.0,Greenfield,Detached,668135
11089,10,1795,1079.0,2.0,5,1,1974,5818.0,Central,Semi-Detached,709646
11091,6,1580,772.0,2.0,3,2,1966,13496.0,Central,Detached,557915
11092,9,1336,683.0,2.0,4,2,1967,12001.0,North,Detached,644273
11093,10,1926,1546.0,1.0,4,1,1976,5234.0,Greenfield,Semi-Detached,693016
11094,9,2487,892.0,3.0,3,2,1964,5487.0,North,Detached,770914
11095,4,719,1477.0,4.0,3,3,2018,5863.0,Central,Detached,516186
11096,4,1813,1292.0,1.0,3,2,1964,6116.0,South,Detached,490464
11097,4,1662,1971.0,2.0,5,2,1991,3532.0,East,Semi-Detached,556317
11098,8,2119,458.0,1.0,4,3,1983,11415.0,Central,Detached,638261
11099,8,1867,1554.0,2.0,4,3,1997,6516.0,East,Detached,672823
11100,5,1336,1509.0,2.0,2,2,1957,9849.0,South,Semi-Detached,454857
11101,5,1575,661.0,1.0,3,3,1959,6940.0,East,Detached,482426
11102,4,1312,1453.0,2.0,4,2,1954,7918.0,East,Detached,517615
11103,6,2342,1184.0,2.0,4,3,1997,5877.0,Greenfield,Semi-Detached,673955
11104,3,1762,959.0,2.0,2,2,1975,7899.0,Lakeside,Detached,500436
11105,8,2796,720.0,2.0,4,2,1972,5405.0,East,Semi-Detached,703778
11106,6,1717,762.0,0.0,3,1,2011,7925.0,South,Detached,505900
11107,7,1360,1870.0,3.0,3,3,1962,15413.0,Lakeside,Detached,664651
11108,8,917,1050.0,2.0,3,2,1958,10112.0,North,Semi-Detached,475989
11110,5,879,734.0,0.0,3,2,2006,4417.0,East,Detached,398250
11112,3,2030,,3.0,2,3,1982,10788.0,North,Townhouse,490164
11113,10,880,510.0,1.0,4,2,1969,9026.0,North,Semi-Detached,533528
11114,9,2242,884.0,2.0,2,2,2009,8810.0,West,Detached,688652
11115,9,1484,1064.0,1.0,3,2,1997,7511.0,South,Semi-Detached,607259
11116,9,1831,1095.0,2.0,3,2,2013,10715.0,West,Detached,695121
11118,7,2243,1208.0,2.0,4,1,2022,9283.0,East,Detached,650870
11119,7,1602,1327.0,2.0,3,2,1966,5166.0,North,Detached,574122
11120,8,1260,1344.0,2.0,4,2,1963,5347.0,North,Detached,562619
11121,4,567,656.0,2.0,4,2,1968,11092.0,Lakeside,Detached,381107
11123,5,1634,1528.0,2.0,2,2,2008,8758.0,South,Detached,570245
11124,9,1207,1408.0,0.0,3,1,2016,6848.0,North,Detached,590607
11126,10,1792,1191.0,3.0,4,2,1981,11634.0,West,Semi-Detached,706747
11127,6,1626,259.0,0.0,4,2,1960,10996.0,Central,Detached,446623
11128,4,1392,1069.0,2.0,3,1,1951,4347.0,East,Semi-Detached,441433
11129,8,1843,1809.0,3.0,3,3,2017,9935.0,Central,Detached,694620
11130,4,1993,671.0,1.0,3,2,1966,9303.0,Central,Detached,488640
11131,4,1150,716.0,2.0,4,2,1989,11662.0,Greenfield,Detached,453255
11132,4,2526,1356.0,2.0,3,2,1995,8624.0,North,Townhouse,605994
11133,8,1696,433.0,3.0,3,2,1953,15203.0,South,Detached,549243
11134,9,1760,797.0,3.0,3,2,1987,7557.0,North,Detached,619251
11136,5,1878,796.0,1.0,4,2,1978,5159.0,Lakeside,Townhouse,536366
11137,9,2274,956.0,2.0,3,2,1968,5255.0,West,Townhouse,645909
11138,4,1908,1348.0,2.0,3,2,1978,5045.0,North,Detached,527105
11139,6,1413,1219.0,2.0,6,3,1984,8826.0,South,Detached,567358
11140,3,1949,1157.0,0.0,3,3,2019,7088.0,South,Semi-Detached,489338
11141,8,1121,914.0,1.0,4,1,1972,9284.0,West,Detached,493757
11142,3,1810,1198.0,3.0,2,1,1995,4643.0,South,Semi-Detached,456451
11143,10,1732,1001.0,2.0,4,2,1993,5443.0,North,Townhouse,707732
11144,9,1636,1233.0,2.0,2,2,1997,5402.0,Central,Semi-Detached,671978
11146,8,715,977.0,3.0,4,3,1957,7425.0,East,Detached,513590
11147,9,1448,654.0,2.0,4,2,2004,7765.0,North,Semi-Detached,559124
11148,4,1801,1036.0,1.0,4,3,2015,7726.0,Lakeside,Detached,590938
11149,5,1838,726.0,1.0,4,2,1989,16090.0,West,Detached,519397
11150,3,1185,604.0,1.0,3,3,1980,3871.0,Greenfield,Detached,372139
11151,7,2446,1153.0,3.0,4,2,1997,7787.0,West,Detached,718175
11152,7,1274,1135.0,2.0,5,2,2010,3854.0,Greenfield,Detached,557107
11153,6,2283,1363.0,2.0,3,2,2001,2742.0,Greenfield,Semi-Detached,592475
11154,4,1985,878.0,2.0,5,1,1987,5749.0,West,Detached,540752
11155,10,1395,1213.0,2.0,4,2,1985,9630.0,Greenfield,Detached,617118
11156,3,2726,1270.0,3.0,3,2,2004,5587.0,South,Detached,604772
11157,4,1093,1228.0,2.0,3,1,1962,9560.0,East,Detached,432589
11158,3,2256,720.0,1.0,3,2,1986,8393.0,North,Townhouse,486873
11159,6,2300,1110.0,1.0,1,3,1996,7515.0,West,Townhouse,593210
11160,6,1381,1196.0,2.0,3,1,2020,14135.0,Central,Detached,601075
11162,7,1612,215.0,2.0,3,2,1988,9495.0,North,Detached,524075
11163,4,1909,1114.0,3.0,3,4,2007,3554.0,East,Townhouse,536209
11167,7,2186,1199.0,1.0,2,3,2023,9571.0,Greenfield,Townhouse,676201
11168,8,788,1175.0,2.0,2,3,1988,5737.0,South,Detached,507948
11169,5,2467,1527.0,1.0,4,2,1975,17443.0,South,Semi-Detached,572904
11170,5,836,547.0,2.0,4,2,2020,2676.0,Lakeside,Detached,453106
11171,10,2318,1343.0,2.0,4,2,1956,8946.0,East,Townhouse,717667
11172,5,2370,1286.0,2.0,2,1,2018,8155.0,North,Detached,628143
11173,5,1150,993.0,1.0,4,2,2014,7050.0,West,Townhouse,469447
11174,9,1524,1185.0,2.0,3,2,1995,6305.0,North,Detached,640321
11175,3,1142,,2.0,3,4,1967,8251.0,Greenfield,Detached,442215
11176,9,1632,1399.0,2.0,1,2,1962,12903.0,West,Townhouse,608559
11177,9,1581,,3.0,2,1,1974,3770.0,South,Townhouse,550804
11179,9,2471,1024.0,3.0,2,2,2023,4987.0,North,Detached,811420
11181,8,1441,1079.0,2.0,3,2,1966,9334.0,Greenfield,Detached,550918
11182,10,1635,990.0,2.0,2,2,1997,10430.0,Lakeside,Detached,727557
11183,10,824,1527.0,2.0,3,2,2012,12920.0,East,Detached,621221
11184,6,1307,1017.0,1.0,4,2,1989,10504.0,South,Detached,482554
11185,10,2281,602.0,2.0,2,3,1964,10894.0,North,Semi-Detached,686408
11186,6,2639,893.0,2.0,4,2,1955,4238.0,Central,Semi-Detached,638766
11187,10,1071,1121.0,2.0,5,3,2012,15596.0,West,Detached,672224
11189,5,1735,1291.0,3.0,3,3,1981,12734.0,Greenfield,Detached,579021
11190,10,1904,710.0,2.0,1,2,1994,4307.0,North,Semi-Detached,688324
11191,5,1305,2044.0,,4,3,2001,7176.0,North,Detached,571451
11192,5,1983,1156.0,2.0,3,2,1962,12229.0,North,Semi-Detached,558483
11193,7,1489,1560.0,2.0,3,2,1973,8101.0,South,Detached,576750
11194,10,1742,989.0,3.0,3,2,1989,5698.0,North,Detached,697563
11195,4,2050,1263.0,2.0,4,2,1963,14423.0,West,Semi-Detached,548873
11196,7,1754,1386.0,3.0,3,2,2024,4722.0,South,Semi-Detached,602674
11198,5,1690,1473.0,2.0,4,4,2011,10671.0,Central,Semi-Detached,587756
11199,5,1701,1399.0,3.0,3,1,2010,20543.0,South,Townhouse,545343
11200,7,1546,924.0,3.0,4,3,1950,6509.0,Central,Detached,590122
11201,7,1608,821.0,2.0,2,4,2015,7064.0,East,Townhouse,555728
11203,6,2059,1423.0,1.0,4,2,1962,8906.0,Greenfield,Semi-Detached,619308
11204,4,1587,961.0,3.0,2,2,1982,10423.0,North,Detached,486787
11205,7,2133,1476.0,2.0,4,1,1981,13085.0,West,Detached,672317
11206,8,1566,1631.0,1.0,3,2,2005,11242.0,Lakeside,Townhouse,633172
11207,7,2395,683.0,1.0,5,3,1973,6396.0,West,Detached,625456
11208,8,1953,715.0,2.0,2,1,1953,11536.0,South,Detached,578507
11210,7,1996,1173.0,2.0,3,2,1978,11188.0,Central,Detached,641807
11211,3,886,840.0,1.0,5,3,1970,11479.0,Greenfield,Semi-Detached,357278
11213,4,1093,1220.0,2.0,5,2,1969,6820.0,North,Townhouse,467737
11214,8,1829,1066.0,2.0,5,2,1965,6259.0,South,Semi-Detached,578627
11215,4,2703,476.0,2.0,3,2,2016,9783.0,South,Detached,584460
11216,3,2977,524.0,2.0,4,3,1998,13620.0,South,Detached,555426
11218,4,2025,197.0,2.0,3,1,1993,14026.0,South,Detached,502261
11219,7,759,1455.0,2.0,3,2,1974,10913.0,North,Townhouse,499783
11220,5,1452,987.0,2.0,3,2,1972,7307.0,Greenfield,Semi-Detached,458957
11221,3,1317,2347.0,1.0,3,2,2008,10308.0,North,Detached,557329
11223,3,1658,977.0,2.0,3,2,1964,8907.0,South,Detached,429708
11224,9,1490,1007.0,3.0,3,2,2001,4936.0,Greenfield,Detached,649299
11225,3,661,1448.0,1.0,3,4,2007,7758.0,Central,Semi-Detached,431932
11228,10,1882,335.0,3.0,4,2,1953,10578.0,Lakeside,Detached,713338
11229,8,2891,801.0,2.0,2,2,2017,9105.0,East,Detached,704074
11230,5,1244,1283.0,1.0,4,3,1956,8597.0,South,Detached,427108
11232,10,1593,1478.0,2.0,5,2,1958,7291.0,Lakeside,Detached,737797
11233,7,2356,570.0,2.0,1,2,1982,8685.0,Central,Semi-Detached,647252
11234,3,2827,124.0,1.0,3,2,1982,4823.0,Greenfield,Townhouse,473046
11235,4,1074,1393.0,3.0,5,3,1953,3637.0,Greenfield,Detached,531488
11236,6,2023,719.0,2.0,5,3,2014,13295.0,South,Detached,609241
11237,3,1494,243.0,2.0,4,1,1983,8185.0,East,Townhouse,356367
11238,10,1692,1108.0,0.0,4,1,2013,8793.0,North,Semi-Detached,651769
11239,3,3204,1367.0,2.0,2,2,1974,10273.0,Lakeside,Townhouse,668194
11241,7,1890,,2.0,3,2,1958,6672.0,Lakeside,Detached,613871
11242,6,2007,986.0,0.0,3,1,1966,15741.0,South,Detached,534845
11243,9,2347,902.0,3.0,4,2,1970,6421.0,East,Semi-Detached,690602
11244,9,1804,511.0,1.0,2,1,2009,7098.0,North,Detached,618029
11245,9,1919,764.0,2.0,3,2,1962,5919.0,South,Semi-Detached,617319
11246,10,1535,1259.0,3.0,5,2,1952,5732.0,Greenfield,Detached,695378
11247,8,1898,1179.0,2.0,3,2,2017,13156.0,North,Detached,649115
11248,8,1561,1117.0,2.0,6,4,1953,2625.0,East,Semi-Detached,590788
11249,4,2092,652.0,2.0,6,3,1956,6513.0,North,Detached,526523
11251,9,1957,179.0,3.0,3,1,2024,17167.0,North,Detached,639383
11252,8,1734,1121.0,2.0,3,3,1973,4800.0,South,Detached,603654
11253,10,2369,1622.0,2.0,3,3,1959,4445.0,Lakeside,Detached,763408
11255,7,775,816.0,2.0,3,1,1993,10970.0,South,Detached,452168
11257,8,1252,1551.0,2.0,2,2,1968,4180.0,North,Townhouse,574669
11258,5,1390,871.0,3.0,4,2,2000,8367.0,South,Detached,490910
11259,10,1422,773.0,3.0,1,3,1968,16080.0,West,Detached,605302
11260,5,2506,262.0,2.0,4,2,2001,,South,Townhouse,599788
11261,9,575,1091.0,2.0,5,3,1996,8615.0,Central,Detached,521543
11262,5,3476,1867.0,3.0,3,2,1979,8851.0,West,Detached,797619
11264,9,1873,1041.0,1.0,4,2,1970,4523.0,Greenfield,Semi-Detached,614507
11265,8,1720,,2.0,4,4,2024,7207.0,North,Detached,653634
11266,5,1907,1046.0,3.0,4,1,1997,7378.0,East,Detached,607059
11267,9,2037,725.0,3.0,3,2,2011,6436.0,South,Detached,717445
11268,6,2105,1379.0,2.0,3,2,2007,10894.0,North,Detached,639366
11271,4,1641,660.0,1.0,3,2,1997,4537.0,West,Semi-Detached,456004
11276,10,500,851.0,2.0,3,1,2002,7488.0,West,Detached,545000
11277,3,2111,737.0,2.0,3,2,1974,2565.0,South,Semi-Detached,439391
11278,9,1857,746.0,1.0,1,2,2011,7817.0,Central,Detached,635603
11279,7,1740,342.0,2.0,3,2,1953,7392.0,East,Detached,533152
11280,6,1536,1239.0,1.0,4,2,1962,8380.0,West,Detached,523332
11281,4,2368,318.0,4.0,4,2,1991,8965.0,West,Semi-Detached,625185
11282,9,2271,559.0,3.0,4,3,1998,5881.0,East,Detached,709356
11283,3,1325,220.0,2.0,5,2,2005,15511.0,Central,Semi-Detached,384683
11284,3,1974,1016.0,1.0,1,2,1996,7765.0,Greenfield,Semi-Detached,414016
11285,9,1216,990.0,3.0,3,1,1957,7313.0,North,Semi-Detached,588436
11286,8,991,919.0,2.0,4,2,2004,11184.0,Greenfield,Detached,553775
11288,8,2224,581.0,2.0,3,3,1984,25383.0,Central,Townhouse,634833
11289,6,2274,1236.0,3.0,2,2,1981,7279.0,Lakeside,Semi-Detached,647926
11290,3,2032,830.0,0.0,5,2,1973,9372.0,East,Townhouse,456539
11292,7,2034,696.0,3.0,5,3,1962,11836.0,North,Detached,626557
11293,6,1397,1122.0,1.0,4,1,2018,9192.0,North,Semi-Detached,548937
11294,3,1988,1571.0,1.0,4,2,1991,6868.0,Central,Detached,530956
11295,6,2190,1284.0,2.0,4,1,1980,5402.0,Lakeside,Detached,654639
11296,4,2165,885.0,3.0,4,2,2023,4438.0,Greenfield,Detached,627872
11297,5,2404,1153.0,2.0,3,3,1975,9659.0,Central,Detached,669025
11298,3,2140,954.0,4.0,3,2,1981,4286.0,West,Detached,507681
11300,4,2339,920.0,,3,3,1969,4532.0,Greenfield,Detached,569195
11301,9,1735,984.0,4.0,3,2,1989,7383.0,South,Semi-Detached,668480
11302,6,1265,1135.0,2.0,2,2,2008,5380.0,Central,Detached,549340
11303,9,1660,653.0,2.0,5,2,1963,8119.0,West,Detached,642826
11306,9,1671,410.0,,3,3,1992,4025.0,Greenfield,Detached,622016
11307,10,1314,,0.0,3,2,1965,5673.0,West,Semi-Detached,604800
11308,10,1581,1114.0,2.0,4,1,1984,12381.0,Greenfield,Townhouse,652635
11310,6,1867,1255.0,2.0,4,2,1983,2598.0,West,Detached,611784
11312,4,1301,263.0,2.0,4,2,2017,5027.0,Central,Detached,458416
11313,3,2113,,2.0,3,3,1954,6130.0,Greenfield,Semi-Detached,474775
11314,7,2266,1374.0,1.0,5,3,1959,7222.0,North,Townhouse,624636
11316,6,1331,1218.0,2.0,5,3,1978,5004.0,East,Detached,490859
11317,4,1327,707.0,3.0,3,1,1980,4253.0,North,Detached,454758
11318,10,1233,1089.0,3.0,3,2,2015,9797.0,Greenfield,Townhouse,614958
11322,5,648,1001.0,2.0,3,2,1982,13795.0,West,Detached,431004
11323,7,2099,891.0,1.0,3,2,2017,8059.0,East,Detached,609660
11324,8,1068,576.0,3.0,3,3,2008,10151.0,North,Townhouse,543333
11325,7,1783,890.0,2.0,3,2,2013,16614.0,East,Detached,658360
11326,3,1903,1158.0,1.0,3,2,1993,7420.0,East,Detached,507899
11328,7,1030,1123.0,2.0,2,2,2002,6070.0,South,Semi-Detached,522116
11329,8,500,782.0,2.0,4,1,2023,8863.0,West,Detached,532294
11330,7,1851,1519.0,2.0,3,2,1998,4176.0,Greenfield,Detached,648283
11331,8,2740,580.0,4.0,3,3,2015,6376.0,Lakeside,Semi-Detached,749928
11332,8,2431,1245.0,0.0,2,3,2012,4970.0,Greenfield,Townhouse,693290
11333,9,1865,1523.0,2.0,3,3,1974,13857.0,Greenfield,Detached,675099
11334,10,1480,1242.0,2.0,4,2,1953,17495.0,West,Semi-Detached,662688
11335,6,2194,969.0,2.0,5,2,2000,6820.0,Central,Detached,638348
11336,8,1215,839.0,2.0,3,3,1960,5650.0,North,Semi-Detached,533989
11338,8,2028,481.0,3.0,3,2,2015,9011.0,Lakeside,Detached,708990
11339,8,2333,662.0,3.0,5,1,2019,6101.0,West,Semi-Detached,738475
11341,9,1966,1545.0,3.0,3,3,2018,16656.0,Central,Detached,750754
11342,10,1470,1202.0,2.0,4,3,1978,7001.0,South,Detached,625167
11343,9,1736,663.0,3.0,4,3,2022,10417.0,Lakeside,Semi-Detached,657698
11344,3,777,926.0,,1,2,2021,8193.0,East,Detached,363566
11346,5,1525,766.0,2.0,5,2,1976,3488.0,Lakeside,Detached,550829
11347,5,1462,1442.0,2.0,4,1,1957,9962.0,East,Detached,485108
11348,9,1834,501.0,2.0,3,3,2010,17224.0,Central,Detached,686704
11350,7,2367,1381.0,2.0,3,2,2019,10594.0,East,Detached,678857
11352,10,1745,865.0,2.0,4,2,2018,12631.0,West,Semi-Detached,710632
11353,9,1570,990.0,0.0,3,1,2022,12561.0,East,Semi-Detached,631756
11355,4,2204,840.0,1.0,4,1,2009,10225.0,Greenfield,Detached,527867
11357,6,1388,1568.0,2.0,3,4,1954,11081.0,Lakeside,Detached,619536
11358,5,1583,607.0,3.0,3,1,1960,6183.0,East,Townhouse,493795
11359,6,1010,904.0,2.0,4,2,1964,4605.0,Central,Detached,477704
11360,9,1299,989.0,2.0,3,2,2013,9589.0,Greenfield,Detached,610207
11361,8,1488,492.0,2.0,4,2,1962,3604.0,North,Detached,531576
11362,8,2231,1287.0,2.0,5,1,1956,9333.0,West,Detached,660645
11364,8,1856,972.0,0.0,5,3,2005,4365.0,Central,Semi-Detached,602540
11365,10,2218,869.0,0.0,6,2,2013,8218.0,West,Townhouse,686688
11366,8,1674,,3.0,2,2,1999,7402.0,Central,Semi-Detached,637493
11367,5,1965,1047.0,2.0,3,3,1979,15410.0,Central,Detached,551249
11368,8,1693,964.0,1.0,5,3,1971,4487.0,Lakeside,Detached,639982
11370,4,1429,759.0,3.0,2,1,1977,4795.0,East,Detached,464307
11372,5,1676,1711.0,2.0,2,2,2016,13160.0,East,Detached,606224
11373,10,2533,1106.0,2.0,6,2,1954,9245.0,North,Detached,794315
11374,4,2259,1448.0,2.0,3,2,2014,5604.0,East,Townhouse,585321
11375,5,2281,494.0,4.0,3,2,1964,,North,Detached,590986
11376,7,2430,1113.0,4.0,4,2,2016,3324.0,North,Detached,713959
11378,7,1859,459.0,3.0,4,3,2018,,North,Semi-Detached,641160
11379,8,1410,754.0,1.0,3,2,1992,4866.0,Central,Detached,613977
11381,8,2089,1430.0,2.0,3,1,1971,8628.0,South,Detached,636065
11382,6,2412,1147.0,2.0,4,3,2011,6698.0,North,Detached,666185
11383,5,1673,437.0,3.0,4,1,1975,3373.0,North,Detached,497844
11384,6,1502,971.0,1.0,3,1,1967,11805.0,South,Detached,455618
11385,3,1750,1171.0,,2,2,1997,9302.0,West,Townhouse,484561
11386,6,2081,1120.0,3.0,3,2,1958,18309.0,Greenfield,Townhouse,551852
11387,3,956,312.0,3.0,3,3,1950,13367.0,Lakeside,Detached,376980
11389,9,1447,1024.0,2.0,4,2,1972,15136.0,North,Detached,592521
11390,3,1079,1265.0,2.0,3,2,1994,13774.0,South,Detached,398037
11391,4,1471,172.0,1.0,4,2,1951,5744.0,North,Detached,386775
11392,8,1669,985.0,4.0,4,2,1963,6585.0,Central,Detached,666440
11393,10,1501,1107.0,3.0,4,2,1987,9628.0,North,Detached,712400
11394,8,2549,1390.0,1.0,3,3,1989,,West,Detached,706012
11395,7,1930,1327.0,1.0,3,3,2012,7172.0,South,Semi-Detached,668362
11397,5,2092,,3.0,3,2,2024,10099.0,Greenfield,Semi-Detached,591364
11398,9,1124,,1.0,3,2,1955,5926.0,Central,Detached,573431
11399,6,2322,893.0,2.0,3,2,1952,12676.0,Lakeside,Detached,636488
11401,5,2119,1607.0,2.0,4,2,2015,9028.0,Lakeside,Detached,683528
11402,5,1160,1334.0,,3,4,2024,6345.0,Central,Semi-Detached,564908
11403,3,895,1222.0,1.0,3,2,2016,7976.0,Greenfield,Semi-Detached,396869
11404,8,2200,1202.0,3.0,3,4,1980,5647.0,South,Detached,681225
11405,4,1957,828.0,3.0,3,3,1982,3341.0,West,Semi-Detached,516736
11406,10,1254,,3.0,4,3,1950,7054.0,Central,Townhouse,596624
11407,4,1272,1718.0,0.0,3,3,1993,7572.0,East,Semi-Detached,450187
11408,7,2369,673.0,2.0,3,2,1964,,Lakeside,Detached,661772
11409,9,1096,1696.0,2.0,3,2,1986,13803.0,Greenfield,Semi-Detached,602374
11410,4,2653,921.0,1.0,3,2,1976,5965.0,West,Detached,576829
11411,6,1255,1580.0,3.0,2,1,1997,6780.0,East,Townhouse,511128
11412,4,2101,487.0,2.0,5,2,1976,11293.0,East,Detached,507199
11414,10,2082,755.0,3.0,3,2,2016,8573.0,Central,Detached,740474
11415,4,1451,484.0,3.0,2,4,1979,6657.0,North,Detached,481213
11416,6,1660,1137.0,0.0,3,3,2015,7169.0,West,Townhouse,531936
11417,3,1773,1454.0,2.0,3,1,1956,,North,Detached,476209
11418,9,1199,712.0,2.0,3,2,1983,6762.0,Central,Detached,585148
11419,7,2157,450.0,2.0,4,2,1981,11419.0,South,Townhouse,578710
11420,3,1468,1013.0,1.0,3,2,1988,3323.0,East,Detached,423693
11421,3,1624,1015.0,2.0,3,3,1992,4204.0,Lakeside,Detached,455155
11423,5,500,1430.0,2.0,5,2,1952,4734.0,North,Detached,448472
11424,9,1645,1026.0,1.0,2,3,1995,18449.0,East,Detached,651736
11426,8,2182,1140.0,2.0,3,1,1992,5783.0,East,Semi-Detached,659377
11427,9,1739,911.0,3.0,2,2,1952,11378.0,Greenfield,Townhouse,625408
11429,8,1762,945.0,1.0,2,2,2012,4618.0,Greenfield,Detached,614655
11430,9,2051,915.0,1.0,4,1,1989,24622.0,Greenfield,Detached,641386
11431,3,1101,1434.0,3.0,3,2,1967,9059.0,East,Semi-Detached,420003
11432,7,2363,1235.0,1.0,2,2,2016,9588.0,South,Detached,692163
11433,8,2143,578.0,3.0,1,2,2011,10006.0,South,Townhouse,596902
11434,6,2145,1119.0,1.0,4,2,1959,9997.0,Lakeside,Detached,586617
11435,6,1991,1319.0,2.0,3,3,2001,6048.0,Central,Townhouse,613613
11436,4,1761,1661.0,2.0,4,2,2022,20699.0,South,Detached,551076
11438,7,2075,1354.0,3.0,4,3,2004,12309.0,West,Detached,706143
11439,10,1555,1074.0,1.0,3,1,1995,6461.0,West,Semi-Detached,619676
11440,5,1435,1205.0,2.0,2,3,2024,5965.0,Greenfield,Detached,588481
11442,4,2602,517.0,2.0,3,2,1975,7619.0,Greenfield,Detached,547913
11444,5,943,741.0,3.0,4,1,1987,9089.0,Central,Semi-Detached,463790
11445,5,1841,1202.0,3.0,3,2,1971,25796.0,Greenfield,Detached,546303
11446,3,1778,1542.0,2.0,1,1,1975,21229.0,Greenfield,Detached,446216
11447,10,1845,811.0,2.0,3,2,2018,14256.0,North,Detached,745671
11448,10,1884,94.0,3.0,4,1,1984,28892.0,South,Townhouse,582550
11449,8,1627,885.0,3.0,5,2,2015,5230.0,East,Semi-Detached,642200
11450,6,2569,1415.0,0.0,4,2,2022,10747.0,East,Semi-Detached,672627
11451,10,870,1265.0,2.0,3,2,2000,8278.0,Central,Detached,601541
11452,7,1294,1221.0,2.0,4,1,1967,3609.0,Greenfield,Townhouse,555767
11454,5,846,538.0,1.0,4,1,1961,6415.0,East,Semi-Detached,367901
11456,7,2664,716.0,2.0,3,2,1956,6697.0,Greenfield,Semi-Detached,590965
11457,8,1761,1924.0,1.0,3,3,1955,6528.0,Greenfield,Detached,637990
11458,6,1877,1278.0,0.0,3,2,1994,15948.0,East,Detached,596546
11459,8,1057,818.0,1.0,4,2,1988,7768.0,North,Detached,495589
11460,5,1411,805.0,3.0,3,2,2000,13501.0,Lakeside,Detached,544660
11462,7,1575,954.0,2.0,4,2,1972,9742.0,East,Detached,590001
11463,7,2455,1497.0,2.0,4,1,1961,7168.0,Greenfield,Detached,693255
11467,4,2024,1070.0,2.0,5,2,2003,7633.0,South,Detached,519442
11468,8,2377,1358.0,1.0,4,2,1956,14282.0,West,Townhouse,643095
11469,6,2619,807.0,2.0,3,2,1966,10182.0,East,Semi-Detached,591116
11471,7,1304,1174.0,2.0,5,3,1973,8005.0,North,Townhouse,549640
11472,4,1058,294.0,2.0,3,2,1951,3345.0,South,Detached,348214
11473,3,1621,1856.0,3.0,3,2,1982,4617.0,South,Townhouse,486804
11474,4,2006,1566.0,0.0,4,2,1970,7024.0,West,Detached,527230
11476,10,1708,609.0,2.0,3,2,2002,6318.0,West,Detached,663921
11478,10,1833,1085.0,0.0,4,3,1994,6301.0,East,Detached,646322
11479,8,1291,1192.0,2.0,3,2,1958,15274.0,Lakeside,Semi-Detached,575422
11480,10,2899,1127.0,2.0,3,1,1955,7812.0,East,Townhouse,768626
11481,5,866,1252.0,2.0,3,3,2000,12183.0,Greenfield,Detached,489481
11483,8,2863,1277.0,2.0,3,3,2002,15128.0,Central,Detached,803452
11484,3,1754,630.0,1.0,4,3,1968,12666.0,North,Detached,488605
11485,9,1645,1595.0,2.0,3,4,2018,6130.0,Central,Semi-Detached,726780
11486,9,1553,1706.0,1.0,3,1,1974,19340.0,Lakeside,Detached,664385
11489,3,533,1147.0,2.0,3,2,1966,9479.0,South,Detached,278701
11490,3,2593,217.0,3.0,2,1,1985,9966.0,West,Detached,559454
11491,3,967,1271.0,2.0,2,2,1970,11447.0,East,Detached,412657
11493,9,1514,1819.0,3.0,4,1,2009,11023.0,North,Semi-Detached,662657
11495,8,871,374.0,2.0,3,3,1950,8002.0,Greenfield,Detached,490586
11496,7,2004,861.0,0.0,2,3,1963,7345.0,East,Semi-Detached,540566
11497,10,2863,260.0,2.0,3,3,1957,5561.0,South,Detached,715336
11499,5,1854,224.0,1.0,2,4,2000,5943.0,Central,Detached,520531
11500,9,1386,1061.0,1.0,2,3,2009,8904.0,South,Detached,566848
11501,5,1984,219.0,3.0,2,2,1983,7643.0,Greenfield,Townhouse,527475
11502,8,1761,922.0,0.0,2,1,1985,4389.0,Central,Semi-Detached,552707
11503,8,1397,1707.0,2.0,4,2,2011,5256.0,Central,Detached,632827
11504,5,2018,1194.0,2.0,3,2,1950,9598.0,West,Detached,582450
11505,9,2742,705.0,2.0,3,2,1991,6319.0,North,Townhouse,690730
11507,10,2146,1057.0,3.0,5,3,2003,5673.0,Central,Detached,753972
11508,4,1039,1239.0,,4,2,1996,5760.0,Greenfield,Semi-Detached,481125
11509,10,1224,503.0,2.0,3,1,1988,16754.0,West,Semi-Detached,599227
11510,6,2010,1287.0,2.0,3,3,1979,4833.0,Central,Semi-Detached,595058
11511,9,2566,0.0,2.0,3,2,1956,15522.0,North,Semi-Detached,632345
11513,7,1578,855.0,2.0,1,1,1999,5961.0,Central,Semi-Detached,566178
11514,3,1750,1303.0,2.0,4,4,1994,9508.0,Central,Semi-Detached,523705
11515,6,1062,1059.0,3.0,3,1,2023,8193.0,Central,Detached,530414
11516,8,2082,488.0,2.0,5,2,2021,7320.0,South,Detached,633150
11517,9,2235,656.0,2.0,2,1,1959,8832.0,Greenfield,Semi-Detached,651706
11519,6,1491,1018.0,3.0,4,3,1995,7260.0,North,Detached,620566
11520,7,1896,818.0,2.0,2,2,2024,12189.0,Greenfield,Detached,600237
11521,8,1510,858.0,2.0,3,3,1955,4172.0,South,Townhouse,531276
11523,3,2905,843.0,1.0,3,2,2011,5611.0,East,Detached,573786
11524,7,1614,1015.0,2.0,3,3,1968,4970.0,Greenfield,Semi-Detached,544523
11525,7,1553,1918.0,,3,2,2011,8315.0,North,Townhouse,640814
11526,5,1394,481.0,2.0,3,2,2002,10043.0,West,Semi-Detached,461958
11527,9,2159,309.0,2.0,5,3,1973,3308.0,East,Semi-Detached,608494
11528,3,1650,1363.0,2.0,2,3,2005,6463.0,South,Detached,471095
11529,8,1393,779.0,2.0,6,4,2011,6922.0,Central,Townhouse,632074
11530,6,2477,923.0,3.0,3,3,1983,7034.0,North,Detached,671355
11531,8,2531,738.0,3.0,4,1,1971,4487.0,Central,Townhouse,642853
11533,4,723,1689.0,1.0,2,2,2006,5309.0,Lakeside,Detached,499042
11534,7,2304,1371.0,2.0,4,4,1959,6882.0,Lakeside,Detached,699157
11535,5,1373,1395.0,3.0,3,2,2015,3690.0,East,Detached,540426
11536,4,2185,484.0,3.0,4,2,1957,6904.0,South,Semi-Detached,495296
11537,3,666,590.0,3.0,3,2,1987,5789.0,West,Townhouse,344935
11538,8,2241,0.0,2.0,3,2,2011,7109.0,North,Semi-Detached,617965
11539,8,1084,726.0,2.0,3,1,1977,9160.0,Greenfield,Townhouse,524160
11542,9,1225,961.0,0.0,4,1,2014,6801.0,North,Townhouse,599649
11543,6,1526,1041.0,3.0,5,3,2016,10569.0,Lakeside,Semi-Detached,617492
11544,7,2127,774.0,1.0,2,2,1958,13272.0,North,Detached,568537
11546,6,2071,1356.0,1.0,4,2,1959,7925.0,Central,Semi-Detached,581416
11547,10,2837,404.0,3.0,3,3,1961,9640.0,South,Detached,761534
11549,7,2639,1423.0,2.0,2,2,1970,12554.0,West,Townhouse,671054
11550,10,1807,884.0,3.0,3,2,1970,11435.0,North,Detached,663205
11551,7,1256,1330.0,2.0,2,1,2014,11497.0,Greenfield,Semi-Detached,507739
11553,9,1646,1008.0,0.0,4,2,2018,9328.0,Central,Semi-Detached,650216
11554,6,2257,1207.0,1.0,3,2,2013,9250.0,West,Detached,661739
11555,6,1680,755.0,3.0,3,2,1998,4647.0,West,Townhouse,536635
11556,7,2581,1123.0,3.0,6,3,2021,12942.0,South,Detached,707542
11557,4,952,1234.0,2.0,4,2,1966,3774.0,South,Detached,414112
11558,5,1743,1128.0,2.0,4,2,2022,11022.0,West,Townhouse,567925
11559,9,1061,642.0,2.0,3,2,1981,9021.0,East,Semi-Detached,550285
11560,5,1950,1133.0,0.0,4,3,2019,7039.0,East,Townhouse,549773
11563,6,500,1435.0,1.0,3,2,1956,4441.0,North,Townhouse,380620
11564,4,1859,955.0,3.0,3,3,1976,15130.0,East,Detached,501209
11565,5,1990,1350.0,1.0,4,1,1957,8264.0,East,Semi-Detached,502942
11566,5,1972,1162.0,1.0,3,2,2022,22671.0,North,Semi-Detached,603561
11569,5,2124,653.0,1.0,4,3,2020,5865.0,Greenfield,Semi-Detached,560726
11570,8,2406,797.0,0.0,3,3,1996,7611.0,Central,Townhouse,628792
11571,4,772,1126.0,2.0,4,1,1959,8558.0,North,Detached,407479
11572,10,1926,1169.0,2.0,3,1,1982,15470.0,North,Detached,695383
11573,8,1473,574.0,2.0,2,2,1956,13894.0,Central,Detached,576505
11575,10,1941,1279.0,3.0,2,2,1963,17736.0,Lakeside,Townhouse,687292
11576,9,1482,768.0,3.0,2,3,1993,3229.0,Greenfield,Townhouse,580823
11577,9,1378,435.0,2.0,5,4,1995,9852.0,West,Townhouse,604008
11578,4,1769,992.0,2.0,3,2,2010,14076.0,South,Semi-Detached,491734
11579,8,1152,872.0,0.0,4,3,1985,10235.0,Lakeside,Semi-Detached,573349
11580,5,1153,1095.0,4.0,3,2,1962,4392.0,Greenfield,Detached,480480
11581,6,2124,905.0,,3,2,1965,14950.0,West,Semi-Detached,581237
11582,4,1118,247.0,1.0,3,2,1954,11269.0,Central,Semi-Detached,404218
11584,10,2004,928.0,2.0,3,3,1999,8324.0,East,Townhouse,686029
11585,8,801,1303.0,2.0,4,2,1987,19621.0,Central,Townhouse,535779
11586,4,1377,771.0,2.0,3,2,2005,9772.0,Greenfield,Townhouse,429970
11587,3,2407,1721.0,2.0,5,2,2012,7175.0,Central,Townhouse,607721
11588,3,1210,285.0,3.0,2,4,1997,5553.0,Lakeside,Detached,453010
11589,9,1495,1574.0,1.0,3,2,2008,11250.0,North,Townhouse,620812
11590,10,2004,960.0,2.0,4,3,1993,12469.0,South,Semi-Detached,685682
11591,6,2181,1394.0,2.0,5,3,2004,8206.0,West,Detached,642379
11593,6,1421,1506.0,3.0,4,2,1950,14555.0,Central,Semi-Detached,578224
11595,6,2706,611.0,2.0,3,2,1953,19408.0,Lakeside,Detached,676106
11597,6,1797,,3.0,1,2,2007,4501.0,East,Townhouse,553039
11598,7,1305,1139.0,2.0,4,1,1986,4767.0,South,Semi-Detached,530714
11599,10,1293,,2.0,5,3,1998,4855.0,Central,Detached,693355
11600,7,2037,637.0,0.0,4,3,2016,7192.0,Greenfield,Detached,607298
11601,10,1980,1288.0,1.0,3,4,1968,6480.0,Central,Detached,753038
11602,9,2521,814.0,2.0,2,2,1950,12686.0,North,Detached,713453
11603,4,2108,997.0,3.0,5,3,1978,11898.0,North,Detached,572965
11604,3,923,1079.0,2.0,3,3,1982,7235.0,South,Townhouse,354821
11606,9,1201,738.0,2.0,4,2,1990,7191.0,Lakeside,Detached,571787
11607,4,1539,1590.0,2.0,3,2,1972,7636.0,Lakeside,Detached,524992
11609,8,2848,1025.0,3.0,3,2,2020,7715.0,South,Detached,781361
11610,5,3460,1147.0,1.0,2,2,2006,9146.0,South,Detached,706441
11611,7,2084,932.0,3.0,4,2,1955,4695.0,Greenfield,Townhouse,605689
11613,10,2044,970.0,3.0,3,2,1971,9268.0,Central,Detached,707940
11614,3,2238,1143.0,2.0,4,1,1953,6317.0,East,Detached,524605
11615,8,1574,1508.0,2.0,4,3,2021,5749.0,Central,Semi-Detached,656655
11616,5,2737,739.0,3.0,4,2,2013,11375.0,East,Detached,697185
11617,9,1877,1674.0,1.0,1,2,1986,4493.0,East,Detached,674776
11618,3,2024,438.0,2.0,4,1,1980,4903.0,Central,Detached,497399
11619,8,2116,1702.0,0.0,3,1,1986,8665.0,West,Semi-Detached,625082
11621,7,2211,953.0,1.0,4,2,1957,9179.0,North,Detached,628287
11622,4,1411,294.0,1.0,3,1,1989,7233.0,East,Detached,399403
11623,8,1443,868.0,2.0,5,3,1954,6973.0,East,Detached,594052
11624,6,1145,634.0,2.0,2,2,1977,12606.0,Central,Detached,466891
11625,8,1992,807.0,2.0,4,2,1958,11775.0,Greenfield,Detached,608180
11626,9,2178,995.0,0.0,1,2,1951,8181.0,North,Detached,662722
11627,3,2002,1433.0,2.0,5,1,2012,7060.0,South,Detached,541521
11628,3,2671,1133.0,1.0,2,3,2000,8128.0,South,Detached,545250
11629,9,1747,1173.0,2.0,2,3,1980,5767.0,West,Detached,657178
11630,8,2118,612.0,2.0,3,2,1956,7477.0,East,Detached,653591
11631,9,1150,698.0,2.0,3,2,1979,6418.0,Central,Townhouse,556451
11632,5,1537,1769.0,2.0,3,2,2007,7645.0,South,Semi-Detached,535299
11633,10,2133,756.0,2.0,4,2,1952,6523.0,West,Semi-Detached,690890
11635,7,1588,953.0,2.0,2,2,2005,11562.0,Greenfield,Townhouse,587732
11639,3,2240,1006.0,2.0,4,2,1999,8694.0,South,Detached,523012
11640,4,2066,895.0,2.0,4,1,1996,6783.0,South,Semi-Detached,494349
11641,6,2025,1028.0,2.0,3,3,1950,14857.0,North,Townhouse,538378
11642,3,1777,1185.0,1.0,2,2,2006,6204.0,Central,Detached,500721
11643,7,1754,1407.0,1.0,3,2,1987,3263.0,Greenfield,Semi-Detached,555088
11645,3,2134,1298.0,2.0,6,4,2019,16572.0,Central,Detached,598960
11646,5,1982,1705.0,1.0,3,2,2014,6934.0,Central,Detached,641189
11647,9,2021,1203.0,2.0,1,3,2011,6344.0,Greenfield,Detached,715417
11648,6,1461,1175.0,2.0,2,3,2005,8096.0,Central,Detached,567207
11649,3,566,442.0,3.0,3,4,2016,12609.0,Greenfield,Semi-Detached,388445
11651,5,1487,1205.0,1.0,2,2,1957,10439.0,East,Townhouse,417752
11652,8,1275,1012.0,3.0,5,2,2009,7347.0,West,Detached,588842
11653,4,2131,844.0,0.0,3,2,1989,10476.0,East,Townhouse,473364
11654,9,1534,1147.0,1.0,5,2,2011,8676.0,North,Detached,652236
11655,4,2333,1026.0,3.0,4,1,1990,6688.0,Central,Detached,591380
11656,5,2089,1501.0,2.0,4,4,1961,8985.0,Central,Semi-Detached,598723
11657,4,2126,1084.0,1.0,4,1,2003,6267.0,Central,Detached,575311
11658,5,999,751.0,0.0,4,2,1960,4303.0,East,Detached,416114
11659,3,2417,1446.0,0.0,4,2,2009,7929.0,West,Detached,558992
11662,5,1829,859.0,2.0,6,1,1987,7866.0,West,Semi-Detached,594225
11664,5,1975,1084.0,3.0,4,2,1966,6895.0,North,Semi-Detached,586516
11665,5,1184,1055.0,2.0,5,3,2015,7928.0,Central,Townhouse,508471
11666,8,1006,1242.0,1.0,3,3,2021,4129.0,North,Detached,592940
11667,10,913,943.0,2.0,2,4,1985,4868.0,Greenfield,Detached,569987
11668,3,2362,315.0,3.0,3,1,2023,3758.0,West,Detached,511942
11669,9,1404,877.0,3.0,3,2,1956,12992.0,Greenfield,Detached,572271
11670,6,2594,1368.0,0.0,4,2,1965,6505.0,North,Semi-Detached,619290
11671,8,1455,931.0,2.0,3,1,1963,14536.0,West,Detached,559020
11672,7,811,951.0,2.0,4,2,1974,2500.0,East,Detached,500326
11674,3,2430,765.0,1.0,2,2,1978,7759.0,East,Semi-Detached,486263
11675,3,1664,433.0,2.0,4,2,2005,9322.0,South,Semi-Detached,474477
11676,7,1448,986.0,3.0,4,3,1955,,Lakeside,Semi-Detached,580626
11677,9,1838,856.0,2.0,2,2,1950,10142.0,East,Semi-Detached,608021
11678,5,2026,664.0,2.0,4,2,1988,6761.0,North,Semi-Detached,565804
11679,8,2365,980.0,0.0,4,2,1950,4675.0,East,Detached,618051
11680,4,2547,1247.0,1.0,2,2,2012,4646.0,Central,Townhouse,596248
11681,6,1552,1046.0,2.0,2,1,2006,4609.0,South,Detached,517104
11683,7,1523,1775.0,2.0,3,2,2014,6010.0,North,Detached,654795
11684,3,1893,913.0,2.0,3,3,2014,3824.0,West,Semi-Detached,523171
11685,9,1220,1161.0,,3,3,1970,9446.0,Central,Townhouse,540205
11686,3,1224,846.0,1.0,4,2,1979,3009.0,East,Detached,420882
11687,6,1939,711.0,2.0,4,2,1982,14549.0,East,Detached,560650
11688,3,1723,,2.0,4,2,1997,19557.0,North,Townhouse,492049
11689,3,1768,858.0,3.0,2,3,1971,4432.0,South,Townhouse,432704
11690,6,1333,1194.0,2.0,5,2,2003,12846.0,North,Detached,561328
11691,8,1623,1990.0,,3,2,1953,9361.0,West,Detached,670185
11692,8,1242,764.0,1.0,3,2,2004,6388.0,West,Semi-Detached,546211
11693,6,2240,883.0,3.0,3,1,1993,6524.0,Greenfield,Detached,644877
11694,9,2319,1025.0,1.0,3,3,1961,10740.0,North,Townhouse,670744
11695,7,735,1208.0,3.0,4,2,2023,7857.0,West,Detached,538565
11696,10,1239,1155.0,1.0,5,2,2001,2500.0,West,Detached,632511
11697,3,927,1564.0,3.0,3,2,2014,20334.0,West,Detached,437787
11698,9,1392,79.0,2.0,4,2,2014,9722.0,Lakeside,Detached,547450
11699,3,1704,95.0,2.0,4,3,1959,7815.0,South,Detached,388711
11700,10,953,852.0,1.0,5,3,1967,5790.0,North,Detached,603566
11701,7,1243,1489.0,2.0,3,2,1996,7348.0,Central,Semi-Detached,605269
11702,8,1198,424.0,2.0,4,1,2015,14162.0,East,Detached,496983
11703,9,1864,0.0,3.0,3,2,1998,9000.0,North,Townhouse,638542
11704,5,1788,1278.0,1.0,4,2,2021,9472.0,South,Detached,538617
11705,5,1353,1147.0,4.0,1,2,1971,4560.0,South,Semi-Detached,446695
11706,10,1847,614.0,3.0,3,2,1975,6835.0,West,Detached,693748
11707,5,1449,656.0,1.0,3,1,1958,8186.0,North,Detached,443336
11708,8,1601,662.0,3.0,3,2,1970,10945.0,East,Detached,641959
11709,10,2670,1094.0,2.0,4,2,2012,6635.0,West,Detached,783409
11711,7,1035,1248.0,2.0,4,2,1963,4780.0,Greenfield,Semi-Detached,482699
11712,3,2206,0.0,2.0,4,2,1982,8254.0,North,Semi-Detached,477784
11713,7,2196,707.0,2.0,3,1,2020,7656.0,Greenfield,Detached,651331
11714,7,1118,600.0,2.0,3,2,1973,4045.0,West,Townhouse,434190
11715,8,2200,947.0,2.0,3,2,2022,7830.0,Lakeside,Semi-Detached,713210
11716,10,2596,835.0,2.0,1,2,2024,6155.0,East,Townhouse,729790
11717,10,1133,1369.0,2.0,3,3,2000,15114.0,East,Semi-Detached,611690
11719,4,2310,1068.0,3.0,4,2,1964,9368.0,Greenfield,Detached,598355
11721,8,2053,1793.0,1.0,4,2,1985,8899.0,South,Semi-Detached,639406
11722,5,1937,857.0,1.0,2,2,1988,6637.0,West,Detached,550770
11723,9,1965,1180.0,2.0,2,2,1953,5641.0,Greenfield,Semi-Detached,647745
11725,4,2326,93.0,2.0,3,2,2023,6824.0,Central,Detached,596373
11727,6,1624,1048.0,1.0,3,2,2006,12005.0,Central,Detached,612252
11729,4,908,501.0,4.0,3,2,2023,9592.0,East,Detached,460087
11730,8,2033,1258.0,3.0,4,3,2016,10065.0,Greenfield,Semi-Detached,658999
11731,8,2065,1798.0,1.0,4,3,1964,8931.0,West,Detached,686523
11732,5,1716,1218.0,2.0,3,2,1966,22484.0,Central,Detached,557051
11733,9,2368,1161.0,1.0,4,4,1967,5571.0,East,Semi-Detached,702164
11737,7,1737,806.0,1.0,1,2,1997,9328.0,Central,Townhouse,518900
11739,9,1874,425.0,2.0,3,2,1964,6927.0,Central,Detached,595293
11740,5,1547,578.0,2.0,5,1,1996,10006.0,South,Semi-Detached,459828
11744,5,866,1019.0,2.0,3,2,1990,7933.0,South,Detached,431587
11745,8,2712,313.0,2.0,3,3,2017,4589.0,Central,Semi-Detached,726837
11746,4,2510,1407.0,1.0,3,1,1954,4163.0,Lakeside,Semi-Detached,593442
11748,3,2129,1329.0,2.0,3,2,1957,12495.0,South,Detached,492219
11749,9,1473,1060.0,1.0,2,2,1971,3139.0,Central,Semi-Detached,607240
11750,9,1895,433.0,3.0,6,2,1956,8755.0,Central,Detached,669373
11751,6,1912,1116.0,3.0,2,3,1971,11953.0,Central,Detached,574310
11753,4,1319,1247.0,2.0,5,2,1979,6014.0,East,Detached,492589
11754,9,1370,1027.0,1.0,3,3,1965,10350.0,East,Semi-Detached,550638
11756,10,1292,1134.0,1.0,3,3,2016,16466.0,North,Detached,652017
11757,3,1713,1134.0,3.0,4,4,1972,6145.0,Central,Detached,540529
11758,3,1356,613.0,1.0,3,1,2010,5542.0,North,Detached,381351
11759,9,2125,1144.0,1.0,3,2,2023,16830.0,Greenfield,Semi-Detached,682931
11761,10,1431,716.0,2.0,3,3,1972,10051.0,Lakeside,Detached,661436
11762,9,1882,1620.0,3.0,4,2,1974,21367.0,Greenfield,Detached,723635
11763,5,2025,1013.0,2.0,3,2,1957,11225.0,East,Detached,539730
11764,9,2010,695.0,1.0,3,3,1970,11381.0,Lakeside,Detached,679710
11765,7,1792,1449.0,1.0,2,1,1951,14219.0,North,Detached,576604
11768,3,1069,933.0,2.0,2,2,2021,6857.0,North,Townhouse,443198
11769,9,2228,1026.0,2.0,2,3,2017,13483.0,Greenfield,Detached,746359
11770,7,2238,1247.0,2.0,4,2,2013,9636.0,Central,Detached,673217
11771,5,1330,1166.0,3.0,2,2,1968,4114.0,Central,Detached,504266
11772,5,1771,252.0,3.0,4,2,2002,8924.0,South,Semi-Detached,475572
11773,3,2126,602.0,3.0,3,2,2001,3013.0,Central,Detached,541473
11774,6,1635,1422.0,1.0,5,1,1996,11031.0,North,Detached,600651
11775,9,2340,997.0,1.0,3,4,2003,7202.0,Lakeside,Detached,792331
11779,10,1917,241.0,3.0,3,1,2012,4989.0,North,Semi-Detached,656309
11781,8,1623,811.0,3.0,6,3,1968,5996.0,North,Detached,667974
11783,10,1014,1023.0,0.0,3,2,1973,4836.0,South,Semi-Detached,515363
11784,8,2131,1196.0,2.0,4,1,2018,,East,Detached,689747
11785,5,1417,1887.0,0.0,3,2,2014,4751.0,West,Detached,552541
11786,10,2696,445.0,2.0,4,2,1982,8466.0,South,Semi-Detached,738916
11787,6,2846,1514.0,2.0,3,2,2008,19877.0,East,Semi-Detached,688117
11789,7,1448,738.0,2.0,2,2,1981,7883.0,North,Semi-Detached,531313
11791,7,1537,867.0,2.0,4,2,1990,6286.0,South,Detached,539198
11792,8,1725,1124.0,2.0,3,2,1961,9905.0,East,Detached,606259
11793,9,1764,1654.0,3.0,2,3,2022,6357.0,West,Semi-Detached,710130
11794,9,694,1292.0,3.0,3,2,1960,15206.0,East,Townhouse,514481
11795,10,1742,1253.0,1.0,6,3,1968,8262.0,Lakeside,Detached,698029
11796,4,1371,878.0,2.0,3,2,2003,12998.0,North,Detached,493308
11797,9,1479,456.0,2.0,3,1,2006,8773.0,East,Detached,557734
11798,4,2544,967.0,0.0,2,3,1991,7066.0,East,Townhouse,539313
11799,9,1059,1533.0,2.0,3,2,2020,6471.0,Central,Detached,622446
11800,3,2197,439.0,3.0,4,3,1980,5073.0,Greenfield,Detached,518222
